﻿<?xml version="1.0" encoding="utf-8" standalone="no" ?>
<vehicle type="cultivator">
    <annotation>Copyright (C) GIANTS Software GmbH, All Rights Reserved.</annotation>
    <name>
        <en>Koeckerling Trio 300M</en>
        <de>Koeckerling Trio 300M</de>
    </name>
    <typeDesc>$l10n_TypeDesc_Cultivator</typeDesc>
    <filename>koeckerlingTrio300M.i3d</filename>

	<size width="4" length="6" lengthOffset="-2"/>

    <lightCoronas>
        <lightCorona index="0>10" />
    </lightCoronas>

    <brakeLights>
        <brakeLight index="0>11" />
    </brakeLights>

    <cuttingAreas count="1">
        <cuttingArea1 startIndex="0" widthIndex="1" heightIndex="2"/>
    </cuttingAreas>
	
    <groundParticleSystem position="0 0 0" rotation="0 0 0" file="$data/vehicles/particleSystems/fieldWorkParticleSystem.i3d" />

    <cultivatorSound file="$data/vehicles/tools/cultivatorSound.wav" pitchOffset="1" volume="1"/>

    <attacherJoint index="3" jointType="implement" topReferenceNode="4" upperRotationOffset="8" lowerRotationOffset="0" lowerDistanceToGround="0.7" upperDistanceToGround="1.0" />

    <speedRotatingParts>
        <speedRotatingPart index="0>6" radius="0.27" refNodeIndex="0" />
    </speedRotatingParts>

    <aiLeftMarker index="7" />
    <aiRightMarker index="8" />
    <aiBackMarker index="9" />

    <components count="1">
        <component1 centerOfMass="0 0 2" solverIterationCount="8" />
    </components>

    <schemaOverlay file="$data/vehicles/schemas/implementSchema.png" fileSelected="$data/vehicles/schemas/implementSchemaSelected.png" width="0.5" height="0.5" attacherJointPosition="0 0"/>

</vehicle>