<?xml version="1.0" encoding="utf-8" standalone="no" ?>
<modDesc descVersion="14">
    <author>GIANTS Software, Venti</author>
    <version>1.0.0.1</version>
    <title>
        <de>Köckerling Trio 300 M</de>
    </title>
    <description>
        <de>Mit einem Grubber kann man Felder für die nächste Saat vorbereiten.</de>
    </description>

    <iconFilename>store_koeckerlingTrio300M.png</iconFilename>

    <multiplayer supported="true" />

    <storeItems>
        <storeItem>
                <de>
                    <name>Köckerling Trio 300 M</name>
                    <description>
<![CDATA[Mit einem Grubber kann man Felder für die nächste Saat vorbereiten.]]>
                    </description>
                    <specs><![CDATA[Benötigte Leistung: 74 kW / 100 PS
Arbeitsbreite: 3m
Unterhaltskosten: %s / Tag]]></specs>
                </de>
            <image active="store_koeckerlingTrio300M.png" brand="brand_koeckerling.png"/>
            <price>9400</price>
            <dailyUpkeep>5</dailyUpkeep>
            <xmlFilename>koeckerlingTrio300M.xml</xmlFilename>
            <rotation>0</rotation>
            <brand>Köckerling</brand>
            <machineType>cultivators</machineType>
            </storeItem>
    </storeItems>
</modDesc>
