<?xml version="1.0" encoding="utf-8" standalone="no" ?>
<modDesc descVersion="14">
    <author>GIANTS Software, leonill007</author>
    <version>1.0</version>
    <title>
        <de>Lamborghini R6.125</de>
    </title>
    <description>
        <de>Bei Lamborghini hat die Zukunft der Traktoren schon begonnen: unverwüstlich, zuverlässig und technisch ausgereift. Mit der Baureihe R6 tritt eine neue Traktorengeneration an den Start, die es problemlos mit Maschinen des höheren Segments aufnehmen kann: in punkto Leistung, Klasse und Komfort.</de>
    </description>

    <iconFilename>store_lamborghiniR6.png</iconFilename>

    <multiplayer supported="true" />

    <storeItems>
    <storeItem>
        <name>Lamborghini R6.125</name>
        <description>Bei Lamborghini hat die Zukunft der Traktoren schon begonnen: unverwüstlich, zuverlässig und technisch ausgereift. Mit der Baureihe R6 tritt eine neue Traktorengeneration an den Start, die es problemlos mit Maschinen des höheren Segments aufnehmen kann: in punkto Leistung, Klasse und Komfort.</description>
        <specs>Max. Leistung: 95 kW / 130 PS
Unterhaltskosten: %s / Tag</specs>
        <image active="store_lamborghiniR6.png" brand="$data/vehicles/brand_lamborghini.png"/>
        <price>139000</price>
        <dailyUpkeep>120</dailyUpkeep>
        <xmlFilename>lamborghiniR6_125.xml</xmlFilename>
        <rotation>0</rotation>
        <brand>$l10n_shopItemBrand_lamborghini</brand>
        <machineType>tractors</machineType>
        <vertexBufferMemoryUsage>1624416</vertexBufferMemoryUsage>
        <indexBufferMemoryUsage>289536</indexBufferMemoryUsage>
        <textureMemoryUsage>3626280</textureMemoryUsage>
        <instanceVertexBufferMemoryUsage>5472</instanceVertexBufferMemoryUsage>
        <instanceIndexBufferMemoryUsage>12</instanceIndexBufferMemoryUsage>
    </storeItem>
    </storeItems>
</modDesc>
