﻿<?xml version="1.0" encoding="utf-8" standalone="no" ?>
<vehicle type="tractor">
    <annotation>Copyright (C) GIANTS Software GmbH, All Rights Reserved.</annotation>
    <name>
        <de>Deutz AgroStar 6.61</de>
        <en>Deutz AgroStar 6.61</en>
    </name>
    <filename>deutzAgroStar661.i3d</filename>

    <size width="3.5" length="6"/>

    <wheels autoRotateBackSpeed="2">
        <wheel rotSpeed="70" rotMax="30" rotMin="-30" driveMode="2" repr="0>0" driveNode="0>0|0" radius="0.7" deltaY="0.20" suspTravel="0.23" spring="40" damper="50" mass="0.16" longitudalStiffness="0.9" lateralStiffness="2" />
        <wheel rotSpeed="70" rotMax="30" rotMin="-30" driveMode="2" repr="0>1" driveNode="0>1|0" radius="0.7" deltaY="0.20" suspTravel="0.23" spring="40" damper="50" mass="0.16" longitudalStiffness="0.9" lateralStiffness="2" />
        <wheel rotSpeed="0" driveMode="1" repr="0>2" radius="0.934" deltaY="0.08" suspTravel="0.14" spring="80" damper="50" mass="0.3365" longitudalStiffness="0.9" lateralStiffness="2" />
        <wheel rotSpeed="0" driveMode="1" repr="0>3" radius="0.934" deltaY="0.08" suspTravel="0.14" spring="80" damper="50" mass="0.3365" longitudalStiffness="0.9" lateralStiffness="2" />
    </wheels>
    <motor minRpm="100" maxRpm="720 1160 2300 490" maxTorques="-1 -1 -1 -1" brakeForce="5" lowBrakeForceScale="0.5" lowBrakeForceSpeedLimit="0.4" compensateWheelRadius="true" accelerations="1 1 1 1" forwardGearRatio="15.5" backwardGearRatio="17" differentialRatio="1">
		<torque rpm="500" torque="0.98"/>
		<torque rpm="2300" torque="1.1"/>
		<backwardTorque rpm="100" torque="1"/>
		<backwardTorque rpm="600" torque="0.6"/>
		<backwardTorque rpm="720" torque="0"/>
    </motor>
	<accelerationSpeed maxAcceleration="0.25" deceleration="0.6" backwardDeceleration="0.7" />
    <fuelCapacity>220</fuelCapacity>
    <fuelUsage>0.0022</fuelUsage>
	<downForce>6</downForce>
	<bunkerSiloCompacter compactingScale="2"/>
	
    <components count="1">
        <component1 centerOfMass="0 0.01 0.1" solverIterationCount="10" />
    </components>
    <cameras count="2">
        <camera1 index="4|0" rotatable="true" rotateNode="4" limit="true" useWorldXZRotation="true" rotMinX="-1.4" rotMaxX="1" transMin="4" transMax="35" >
			<raycastNode index="0>6"/>
			<raycastNode index="0>7"/>
		</camera1>
        <camera2 index="5" rotatable="true" limit="true" rotMinX="-1.1" rotMaxX="0.4" transMin="0" transMax="0" />
    </cameras>
	
    <lights>
        <light realLight="0>9" fakeLight="0>27" decoration="0>28" lightType="0"/>
        <light realLight="0>10" decoration="0>29" lightType="1"/>
    </lights>

    <brakeLights>
        <brakeLight index="0>27" />
    </brakeLights>

    <enterReferenceNode index="0>"/>
    <exitPoint index="0>8"/>

    <attacherJoints>
        <attacherJoint index="0>12|0|0" rotationNode="0>12" minRot="24 0 0" minRot2="-17 0 0" maxRot="5 0 0" rotationNode2="0>12|0" maxRot2="-5 0 0" maxTransLimit="0 0.5 0" maxRotLimit="0 0 20" moveTime="2.5" ptoOutputNode="0>15" ptoFilename="$data/vehicles/steerable/powerTakeoff.i3d">
            <bottomArm rotationNode="0>13" translationNode="0>13|0" referenceNode="0>13|0|0" zScale="-1" />
            <topArm baseNode="0>14" filename="$data/vehicles/steerable/upperLink.i3d" zScale="-1" />
        </attacherJoint>
        <attacherJoint index="0>16|0|0" rotationNode="0>16" minRot="-33 0 0" minRot2="20 0 0" maxRot="0 0 0" rotationNode2="16|0" maxRot2="0 0 0" maxTransLimit="0 0.4 0" maxRotLimit="0 0 20" moveTime="2.5" ptoOutputNode="0>19" ptoFilename="$data/vehicles/steerable/powerTakeoff.i3d">
            <bottomArm rotationNode="0>17" translationNode="17|0" referenceNode="17|0|0" zScale="1" />
            <topArm baseNode="0>18" filename="$data/vehicles/steerable/upperLink.i3d" zScale="1" toggleVisibility="true" />
        </attacherJoint>
    </attacherJoints>

    <attacherJointLowerCombo duration="2">
        <attacherJoint index="2" time="0" />
        <attacherJoint index="1" time="1" />
        <attacherJoint index="3" time="1" />
        <attacherJoint index="4" time="1" />
    </attacherJointLowerCombo>
	
    <trailerAttacherJoints>
        <trailerAttacherJoint index="0>20|0" maxRotLimit="10 50 50" ptoOutputNode="0>15" ptoFilename="$data/vehicles/steerable/powerTakeoff.i3d"/>
        <trailerAttacherJoint index="0>20|1" low="true" ptoOutputNode="0>15" ptoFilename="$data/vehicles/steerable/powerTakeoff.i3d"/>
    </trailerAttacherJoints>

    <movingTools>
        <!-- attacher joint back bottom-->
        <movingTool index="0>13">
            <dependentPart index="0>28" />
        </movingTool>
        <!-- attacher joint front bottom-->
        <movingTool index="0>17">
            <!-- cylinder -->
            <dependentPart index="0>31" />
        </movingTool>
    </movingTools>

    <movingParts>
        <!-- front -->
        <movingPart index="0>31" referencePoint="0>17|0|1" referenceFrame="0>17|0|1">
            <translatingPart index="0>31|0" />
        </movingPart>

        <!-- back -->
        <movingPart index="0>28" referencePoint="0>13|0|1" localReferencePoint="0>28|0" referenceFrame="0>36" >
            <dependentPart index="0>28|0" />
        </movingPart>
        <!-- attacher joint back bottom cylinder 2b -->
        <movingPart index="0>28|0" referencePoint="0>13|0|1" referenceFrame="0>13|0|1" >
            <dependentPart index="0>29" />
            <dependentPart index="0>30" />
            <dependentPart index="0>33" />
            <dependentPart index="0>34" />
        </movingPart>
        <!-- hydraulic -->
        <movingPart index="0>29" referencePoint="0>28|1" referenceFrame="0>28|1">
            <translatingPart index="0>29|0" />
        </movingPart>
        <movingPart index="0>30" referencePoint="0>28|2" referenceFrame="0>28|2">
            <translatingPart index="0>30|0" />
        </movingPart>
        <movingPart index="0>33" referencePoint="0>28|0|0" referenceFrame="0>28|0|0" scaleZ="true" />
        <movingPart index="0>34" referencePoint="0>28|0|1" referenceFrame="0>28|0|1" scaleZ="true" />

        <!-- steering -->
        <movingPart index="0>0|0|1" referencePoint="0>32|0" referenceFrame="0>32|0" isActiveDirty="true" playSound="false" scaleZ="false" />
        <movingPart index="0>1|0|1" referencePoint="0>32|1" referenceFrame="0>32|1" isActiveDirty="true" playSound="false" scaleZ="false" />
    </movingParts>
	
    <steering index="0>11|0" rotationSpeed="6"/>

    <characterNode index="0>21" cameraMinDistance="1.5" />
    <aiTrafficCollisionTrigger index="0>22" />

    <exhaustParticleSystems count="1">
        <exhaustParticleSystem1 node="0>23" file="$data/vehicles/particleSystems/exhaustParticleSystem.i3d" />
    </exhaustParticleSystems>

    <motorStartDuration>1500</motorStartDuration>
    <attachSound file="$data/vehicles/steerable/deutz/attach.wav" pitchOffset="1" />
    <motorStartSound file="sounds/deutzAgrostar661_start.wav" pitchOffset="0.65" volume="1" />
    <motorSound file="sounds/deutzAgrostar661_idle.wav" pitchOffset="0.65" pitchScale="0.012" pitchMax="1.5" volume="1" radius="50" innerRadius="20" />
    <motorSoundRun file="sounds/deutzAgrostar661_run.wav" pitchOffset="0.65" pitchScale="0.009" pitchMax="1.375" volume="0.9" />
	<motorSoundRun2 file="sounds/transmissionOld.wav" pitchOffset="0.75" volume="0.3" pitchMax="1.25" volumeMax="0.7"/>
    <motorStopSound file="sounds/deutzAgrostar661_stop.wav" pitchOffset="1" volume="2.5" />
    <compressedAirSound file="$data/vehicles/steerable/deutz/brakeBig.wav" pitchOffset="1" volume="1.25"/>
    <compressionSound file="$data/vehicles/steerable/deutz/compressorWork.wav" pitchOffset="1" volume="1.5"/>
    <hydraulicSound file="$data/vehicles/steerable/deutz/hydraulicUp.wav" pitchOffset="0.55" volume="0.8" />
	
	<honkSound file="$dataS2/sounds/horn.wav" volume="1" radius="80" innerRadius="35" />


    <components count="1">
        <component1 centerOfMass="0 0.87 0.35" solverIterationCount="10" />
    </components>

    <schemaOverlay file="$data/vehicles/schemas/vehicleSchema.png" fileSelected="$data/vehicles/schemas/vehicleSchemaSelected.png" width="0.5" height="0.5" attacherJointPosition="0.5 0">
        <attacherJoint position="1 0" rotation="0" invertX="false" />
        <attacherJoint position="0 0" rotation="0" invertX="true" />
        <attacherJoint position="1 0" rotation="0" invertX="false" />
        <attacherJoint position="1 0" rotation="0" invertX="false" />
    </schemaOverlay>

</vehicle>
