<?xml version="1.0" encoding="utf-8" standalone="no" ?>
<modDesc descVersion="14">
    <author>GIANTS Software</author>
    <version>1.0.0.0</version>
    <title>
        <de>Deutz AgroStar 6.61</de>
    </title>
    <description>
        <de>Der Deutz AgroStar 6.61 ist dank seiner kompakten Größe äußerst wendig und verfügt auch über eine reiche technische Ausstattung.</de>
    </description>

    <iconFilename>store_deutzAgroStar661.dds</iconFilename>

    <multiplayer supported="true" />

    <storeItems>
    <storeItem>
            <de>
                <name>Deutz AgroStar 6.61</name>
                <description>
<![CDATA[Der Deutz AgroStar 6.61 ist dank seiner kompakten Größe äußerst wendig und verfügt auch über eine reiche technische Ausstattung.]]>
                </description>
                <specs><![CDATA[Max. Leistung: 70 kW / 143 PS
Unterhaltskosten: %s / Tag]]></specs>
            </de>
        <image active="store_deutzAgroStar661.png" brand="$data/vehicles/brand_deutz.png"/>
        <price>51000</price>
        <dailyUpkeep>460</dailyUpkeep>
        <xmlFilename>deutzAgroStar661.xml</xmlFilename>
        <rotation>0</rotation>
        <brand>$l10n_shopItemBrand_deutz</brand>
        <machineType>tractors</machineType>
    </storeItem>
    </storeItems>
</modDesc>
