﻿<?xml version="1.0" encoding="utf-8" standalone="no" ?>
<vehicle type="trailer">
	<annotation>Copyright (C) GIANTS Software GmbH, All Rights Reserved.</annotation>
    <name>
        <en>Big Tipper</en>
        <de>Grosser Anhänger</de>
    </name>
    <description></description>
	<typeDesc>$l10n_TypeDesc_Tipper</typeDesc>
    <filename>models/bigTipper.i3d</filename>
    <size width="3.5" length="11.5" lengthOffset="-1.8" />
    <wheels autoRotateBackSpeed="2.0">
        <wheel driveMode="0" repr="0" radius="0.73" deltaY="0.18" suspTravel="0.25" spring="5" damper="20" mass="0.15" steeringAxleScale="0.3" steeringAxleRotMax="10" steeringAxleRotMin="-10" lateralStiffness="12" />
        <wheel driveMode="0" repr="1" radius="0.73" deltaY="0.18" suspTravel="0.25" spring="5" damper="20" mass="0.15" steeringAxleScale="0.3" steeringAxleRotMax="10" steeringAxleRotMin="-10" lateralStiffness="12" />
        <wheel driveMode="0" repr="2" radius="0.73" deltaY="0.18" suspTravel="0.25" spring="5" damper="20" mass="0.15" lateralStiffness="12" />
        <wheel driveMode="0" repr="3" radius="0.73" deltaY="0.18" suspTravel="0.25" spring="5" damper="20" mass="0.15" lateralStiffness="12" />
        <wheel driveMode="0" repr="4" radius="0.73" deltaY="0.18" suspTravel="0.25" spring="5" damper="20" mass="0.15" steeringAxleScale="-0.7" steeringAxleRotMax="25" steeringAxleRotMin="-25" lateralStiffness="12" />
        <wheel driveMode="0" repr="5" radius="0.73" deltaY="0.18" suspTravel="0.25" spring="5" damper="20" mass="0.15" steeringAxleScale="-0.7" steeringAxleRotMax="25" steeringAxleRotMin="-25" lateralStiffness="12" />
    </wheels>
    <brakeForce>1</brakeForce>
    <steeringAxleAngleScale startSpeed="5" endSpeed="70" />
    <lights count="1">
        <light1 index="12" />
    </lights>
	<lightCoronas>
		<lightCorona index="16" />
	</lightCoronas>
    <fillPlanes>
        <fillPlane type="wheat">
            <node index="9|3">
                <key time="0" y="0.53" scale="0.91 0.015 1"/>
                <key time="0.15" y="0.565" scale="0.91 0.015 1"/>
                <key time="0.2" y="0.565" scale="1 0.12 1"/>
                <key time="0.5" y="0.565" scale="1 0.5 1"/>
                <key time="1" y="0.565" scale="1 1 1"/>
            </node>
        </fillPlane>
        <fillPlane type="barley">
            <node index="9|3">
                <key time="0" y="0.53" scale="0.91 0.015 1"/>
                <key time="0.15" y="0.565" scale="0.91 0.015 1"/>
                <key time="0.2" y="0.565" scale="1 0.12 1"/>
                <key time="0.5" y="0.565" scale="1 0.5 1"/>
                <key time="1" y="0.565" scale="1 1 1"/>
            </node>
        </fillPlane>
        <fillPlane type="maize">
            <node index="9|4">
                <key time="0" y="0.53" scale="0.91 0.015 1"/>
                <key time="0.15" y="0.565" scale="0.91 0.015 1"/>
                <key time="0.2" y="0.565" scale="1 0.12 1"/>
                <key time="0.5" y="0.565" scale="1 0.5 1"/>
                <key time="1" y="0.565" scale="1 1 1"/>
            </node>
        </fillPlane>
        <fillPlane type="rape">
            <node index="9|5">
                <key time="0" y="0.53" scale="0.91 0.015 1"/>
                <key time="0.15" y="0.565" scale="0.91 0.015 1"/>
                <key time="0.2" y="0.565" scale="1 0.12 1"/>
                <key time="0.5" y="0.565" scale="1 0.5 1"/>
                <key time="1" y="0.565" scale="1 1 1"/>
            </node>
        </fillPlane>
        <fillPlane type="chaff">
            <node index="9|6">
                <key time="0" y="0.53" scale="0.91 0.015 1"/>
                <key time="0.15" y="0.565" scale="0.91 0.015 1"/>
                <key time="0.2" y="0.565" scale="1 0.12 1"/>
                <key time="0.5" y="0.565" scale="1 0.5 1"/>
                <key time="1" y="0.565" scale="1 1 1"/>
            </node>
        </fillPlane>
		<fillPlane type="potato">
            <node index="0>9|7">
                <key time="0" y="0.53" scale="0.91 0.015 1"/>
                <key time="0.15" y="0.565" scale="0.91 0.015 1"/>
                <key time="0.2" y="0.565" scale="1 0.12 1"/>
                <key time="0.5" y="0.565" scale="1 0.5 1"/>
                <key time="1" y="0.565" scale="1 1 1"/>
            </node>
        </fillPlane>
		<fillPlane type="sugarBeet">
            <node index="0>9|8">
                <key time="0" y="0.53" scale="0.91 0.015 1"/>
                <key time="0.15" y="0.565" scale="0.91 0.015 1"/>
                <key time="0.2" y="0.565" scale="1 0.12 1"/>
                <key time="0.5" y="0.565" scale="1 0.5 1"/>
                <key time="1" y="0.565" scale="1 1 1"/>
            </node>
        </fillPlane>
    </fillPlanes>

    <massScale value="0.25" />
    <capacity>30100</capacity>
    <cuttingAreas count="0">
        <cuttingArea1 startIndex="0|6" widthIndex="0|7" heightIndex="0|8"/>
    </cuttingAreas>
    <hydraulicSound file="$data/vehicles/steerable/deutz/hydraulicUp.wav" pitchOffset="0.9" volume="1.0" />
    <fillSound file="$data/maps/sounds/siloFillSound.wav" pitchOffset="1.0" volume="1.5" />
    <attacherJoint index="6" jointType="trailer"/>
    <trailerAttacherJoints>
        <trailerAttacherJoint index="8" low="false" maxRotLimit="10 80 80" />
    </trailerAttacherJoints>
    <tipReferencePoint index="7" />
    <tipAnimation rootNode="9" speedScale="1" clip="clip1Source" />

    <dischargeParticleSystems>
                <dischargeParticleSystem type="wheat" node="9" position="0 0.1126 1.1377" rotation="0 0 0" file="$data/vehicles/particleSystems/trailerDPSBig.i3d" />
                <dischargeParticleSystem type="maize" node="9" position="0 0.1126 1.1377" rotation="0 0 0" file="$data/vehicles/particleSystems/trailerDPSBig.i3d" />
                <dischargeParticleSystem type="barley" node="9" position="0 0.1126 1.1377" rotation="0 0 0" file="$data/vehicles/particleSystems/trailerDPSBig.i3d" />
                <dischargeParticleSystem type="rape" node="9" position="0 0.1126 1.1377" rotation="0 0 0" file="$data/vehicles/particleSystems/trailerDPSBigRape.i3d" />
                <dischargeParticleSystem type="chaff" node="9" position="0 0.1126 1.1377" rotation="0 0 0" file="$data/vehicles/particleSystems/trailerDPSBigChaff.i3d" />
				<dischargeParticleSystem type="potato" node="9" position="0 0.1126 1.1377" rotation="0 0 0" file="$data/vehicles/particleSystems/trailerDPSBigPotato.i3d" />
				<dischargeParticleSystem type="sugarBeet" node="9" position="0 0.1126 1.1377" rotation="0 0 0" file="$data/vehicles/particleSystems/trailerDPSBigSugarBeet.i3d" />
    </dischargeParticleSystems>

    <fillRootNode index="0>" />
    <exactFillRootNode index="13" />
    <fillAutoAimTargetNode index="14" />
    <fillMassNode index="0>" />

    <fillTypes fruitTypes="wheat rape maize barley chaff potato sugarBeet"/>

    <movingTools>
        <!-- support -->
        <movingTool index="0>15" componentJointIndex="0" anchorActor="0"></movingTool>
    </movingTools>

    <animations>
        <!-- move support wheel down/up -->
        <animation name="moveSupport">
            <part node="15" startTime="0" duration="0.6" startTrans="0 0.8 7.484" endTrans="0 0 7.484" />
        </animation>
    </animations>

    <support animationName="moveSupport" />

    <components count="2">
        <component1 centerOfMass="0 0 1.2" solverIterationCount="8" />
        <component2 solverIterationCount="8" />
        <joint component1="0" component2="1" index="0>15|0" rotLimit="0 0 0" transLimit="0 0 0" />
    </components>
	
    <schemaOverlay file="$data/vehicles/schemas/implementSchema.png" fileSelected="$data/vehicles/schemas/implementSchemaSelected.png" width="0.5" height="0.5" attacherJointPosition="0 0"/>

</vehicle>
