﻿<?xml version="1.0" encoding="utf-8" standalone="no" ?>
<vehicle type="cultivator">
    <annotation>Copyright (C) GIANTS Software GmbH, All Rights Reserved.</annotation>
    <name>
        <en>Cultivator</en>
        <de>Grubber</de>
    </name>
	<typeDesc>$l10n_TypeDesc_Cultivator</typeDesc>
    <filename>models/cultivator01.i3d</filename>
    <cuttingAreas count="1">
        <cuttingArea1 startIndex="0" widthIndex="1" heightIndex="2"/>
    </cuttingAreas>
    <size width="3.8" length="4" widthOffset="0" lengthOffset="-1.8"/>

    <cultivatorSound file="$data/vehicles/tools/cultivatorSound.wav" pitchOffset="1" volume="1"/>

    <attacherJoint index="3" jointType="implement" topReferenceNode="4"/>
    <groundParticleSystems>
        <groundParticleSystem position="0 0 -0.5" rotation="0 0 0" file="$data/vehicles/particleSystems/fieldWorkParticleSystem.i3d" />
        <groundParticleSystem position="-1.7 0 -0.5" rotation="0 0 0" file="$data/vehicles/particleSystems/fieldWorkParticleSystem.i3d" />
        <groundParticleSystem position="1.7 0 -0.5" rotation="0 0 0" file="$data/vehicles/particleSystems/fieldWorkParticleSystem.i3d" />
    </groundParticleSystems>

    <speedRotatingParts>
        <speedRotatingPart index="6" radius="0.45"/>
    </speedRotatingParts>

    <aiLeftMarker index="7" />
    <aiRightMarker index="8" />
    <aiBackMarker index="9" />

    <components count="1">
        <component1 centerOfMass="0 0 -1.7" solverIterationCount="4" />
    </components>
	
    <schemaOverlay file="$data/vehicles/schemas/implementSchema.png" fileSelected="$data/vehicles/schemas/implementSchemaSelected.png" width="0.5" height="0.5" attacherJointPosition="0 0"/>
	
</vehicle>