﻿<?xml version="1.0" encoding="utf-8" standalone="no" ?>
<vehicle type="tractor_cylindered">
	<annotation>Copyright (C) GIANTS Software GmbH, All Rights Reserved.</annotation>
    <name>
        <en>Deutz Agroplus 77</en>
        <de>Deutz Agroplus 77</de>
    </name>
    <filename>models/deutzAgroplus77.i3d</filename>
    <wheels autoRotateBackSpeed="2.5">
        <wheel rotSpeed="70" rotMax="32" rotMin="-32" driveMode="2" repr="0" driveNode="0|0" radius="0.535" deltaY="0.05" suspTravel="0.1" spring="180" damper="20" mass="0.133" lateralStiffness="20" />
        <wheel rotSpeed="70" rotMax="32" rotMin="-32" driveMode="2" repr="1" driveNode="1|0" radius="0.535" deltaY="0.05" suspTravel="0.1" spring="180" damper="20" mass="0.133" lateralStiffness="20" />
        <wheel rotSpeed="0" driveMode="1" repr="2" radius="0.755" deltaY="0.05" suspTravel="0.1" spring="180" damper="20" mass="0.2" lateralStiffness="20" />
        <wheel rotSpeed="0" driveMode="1" repr="3" radius="0.755" deltaY="0.05" suspTravel="0.1" spring="180" damper="20" mass="0.2" lateralStiffness="20" />
    </wheels>
    <motor minRpm="100" maxRpm="650 1000 2050 560" maxTorques="1.6 2.7 -1 2.0" brakeForce="8" lowBrakeForceScale="0.4" lowBrakeForceSpeedLimit="1" accelerations="0.4 1 1 1" forwardGearRatio="9" backwardGearRatio="7" differentialRatio="1" rpmFadeOutRange="50">
		<torque rpm="1950" torque="5.0"/>
		
		<backwardTorque rpm="350" torque="4.5"/>
		<backwardTorque rpm="500" torque="1.7"/>
    </motor>
	<accelerationSpeed maxAcceleration="0.1" deceleration="0.25" backwardDeceleration="0.7"/>
    <fuelCapacity>100</fuelCapacity>
    <fuelUsage>0.00115</fuelUsage>
    <downForce>7</downForce>
    <cameras count="2">
        <camera1 index="4|0" rotatable="true" rotateNode="4" limit="true" rotMinX="-1.4" rotMaxX="0" transMin="4" transMax="25" >
			<raycastNode index="0>29"/>
			<raycastNode index="0>30"/>
		</camera1>
        <camera2 index="5" rotatable="true" limit="false" rotMinX="0" rotMaxX="0" transMin="0" transMax="0" />
    </cameras>
    <lights count="2">
        <light1 index="12" />
        <light2 index="13" />
    </lights>
	
	<lightCones>
		<lightCone index="26" />	
	</lightCones>
	
	<lightCoronas>
		<lightCorona index="27" />	
	</lightCoronas>
	
	<beaconLights>
		<beaconLight index="28" speed="0.016" />
	</beaconLights>
	
    <steering index="20|0" rotationSpeed="6"/>
    <enterReferenceNode index="0>" />
    <exitPoint index="9" />
    <size width="3" length="5" lengthOffset="-0.1"/>
    <trailerAttacherJoints>
        <trailerAttacherJoint index="10" maxRotLimit="10 80 80" ptoOutputNode="0>37" ptoFilename="$data/vehicles/steerable/powerTakeoff.i3d"/>
        <trailerAttacherJoint index="23" low="true" ptoOutputNode="0>37" ptoFilename="$data/vehicles/steerable/powerTakeoff.i3d"/>
    </trailerAttacherJoints>
    <tipCamera index="11" />
    
    <motorStartDuration>2000</motorStartDuration>
    <attachSound file="$data/vehicles/steerable/deutz/attach.wav" pitchOffset="1" />
    <motorStartSound file="$data/vehicles/steerable/deutz/agroplus_start.wav" pitchOffset="0.95" />
    <motorSound file="$data/vehicles/steerable/deutz/agroplus_idle.wav" pitchOffset="0.95" pitchScale="0.04" pitchMax="1.35"/>
    <motorStopSound file="$data/vehicles/steerable/deutz/agroplus_out.wav" pitchOffset="0.95" />
    <aiMotorSound  file="$data/vehicles/steerable/deutz/agroplus_idleAI.wav" pitchOffset="1" radius="35" innerRadius="20" volume="1.0" />
   
    <exhaustParticleSystems count="1">
        <exhaustParticleSystem1 node="25" file="$data/vehicles/particleSystems/exhaustParticleSystem.i3d" />
    </exhaustParticleSystems>
	
	<honkSound file="$dataS2/sounds/horn.wav" volume="1" radius="80" innerRadius="35" />
	
    <attacherJoints>
        <attacherJoint index="14|0|0" rotationNode="14" maxRot="-12 0 0" rotationNode2="14|0" maxRot2="12 0 0" maxTransLimit="0 0.5 0" maxRotLimit="0 0 20" moveTime="1.5" ptoOutputNode="0>37" ptoFilename="$data/vehicles/steerable/powerTakeoff.i3d"/>
            <bottomArm rotationNode="15" translationNode="15|0" referenceNode="15|0|0" zScale="-1" />
            <topArm rotationNode="16" translationNode="16|0" referenceNode="16|0|0" zScale="-1" />
        </attacherJoint>
        <attacherJoint index="17|0|0" rotationNode="17" maxRot="10 0 0" rotationNode2="17|0" maxRot2="-10 0 0" maxTransLimit="0 0.5 0" maxRotLimit="0 0 20" moveTime="1.5"/>
            <bottomArm rotationNode="18" translationNode="18|0" referenceNode="18|0|0" zScale="1" />
            <topArm rotationNode="19" translationNode="19|0" referenceNode="19|0|0" zScale="1" />
        </attacherJoint>
    </attacherJoints>
    <characterNode index="22" cameraMinDistance="1.5" />
    <aiTrafficCollisionTrigger index="24" />    
    <components count="1">
        <component1 centerOfMass="0 0 0.1" solverIterationCount="10" />
    </components>
	
	<schemaOverlay file="$data/vehicles/schemas/vehicleSchema.png" fileSelected="$data/vehicles/schemas/vehicleSchemaSelected.png" width="0.5" height="0.5" attacherJointPosition="0.5 0">
        <attacherJoint position="1 0" rotation="0" invertX="false" />
        <attacherJoint position="0 0" rotation="0" invertX="true" />
        <attacherJoint position="1 0" rotation="0" invertX="false" />
        <attacherJoint position="1 0" rotation="0" invertX="false" />
    </schemaOverlay>
	
</vehicle>
