﻿<?xml version="1.0" encoding="utf-8" standalone="no" ?>
<vehicle type="windrower">
	<annotation>Copyright (C) GIANTS Software GmbH, All Rights Reserved.</annotation>
    <name>
        <en>Poettinger EUROTOP 461 A</en>
        <de>Pöttinger EUROTOP 461 A</de>
    </name>
	<typeDesc>$l10n_TypeDesc_Windrower</typeDesc>
    <filename>models/eurotop461a.i3d</filename>
    
    <size width="6.5" length="6.5" lengthOffset="3.0" />

    <wheels autoRotateBackSpeed="2.0">
        <wheel driveMode="0" repr="0" radius="0.200" deltaY="0.25" suspTravel="0.25" spring="10" damper="20" mass="0.05" />
        <wheel driveMode="0" repr="1" radius="0.287" deltaY="0.25" suspTravel="0.25" spring="50" damper="20" mass="0.4" />
        <wheel driveMode="0" repr="2" radius="0.287" deltaY="0.25" suspTravel="0.25" spring="50" damper="20" mass="0.4" steeringAxleScale="-0.7" steeringAxleRotMax="20" steeringAxleRotMin="-20"/> />
        <wheel driveMode="0" repr="3" radius="0.287" deltaY="0.25" suspTravel="0.25" spring="50" damper="20" mass="0.4" />
        <wheel driveMode="0" repr="4" radius="0.287" deltaY="0.25" suspTravel="0.25" spring="50" damper="20" mass="0.4" steeringAxleScale="-0.7" steeringAxleRotMax="20" steeringAxleRotMin="-20"/> />
    </wheels>
	
	<steeringAxleAngleScale startSpeed="5" endSpeed="70" />
	
    <cuttingAreas count="1">
        <cuttingArea1 startIndex="5" widthIndex="6" heightIndex="7"/>
    </cuttingAreas>

    <windrowerSound file="$data/vehicles/tools/tedder.wav" pitchOffset="1" volume="1.4"/>        
    
    <windrowerDropAreas count="1">
        <windrowerDropArea1 startIndex="8" widthIndex="9" heightIndex="10"/>
    </windrowerDropAreas>

    <attacherJoint index="11" jointType="trailerLow"/>

    <animation animationClip="rotorClipSource" rootNode="13" speedScale="3.5"/>

    <components count="1">
        <component1 centerOfMass="0.3 0 -3.45" solverIterationCount="4" />
    </components>
	
    <schemaOverlay file="$data/vehicles/schemas/implementSchema.png" fileSelected="$data/vehicles/schemas/implementSchemaSelected.png" width="0.5" height="0.5" attacherJointPosition="0 0"/>
	
</vehicle>
