﻿<?xml version="1.0" encoding="utf-8" standalone="no" ?>
<vehicle type="combine_cylindered">
	<annotation>Copyright (C) GIANTS Software GmbH, All Rights Reserved.</annotation>
    <name>Lizard 58</name>
    <description>This is the lizard 58</description>
    <filename>models/lizard58.i3d</filename>
    <size width="4.0" length="7.5" />
    <wheels autoRotateBackSpeed="2.0">
        <wheel rotSpeed="-58" rotMax="30" rotMin="-30" driveMode="2" repr="2" radius="0.55" positionX="1.229" positionY="0.728" positionZ="-1.922" deltaY="0.08" suspTravel="0.1" spring="250" damper="40" mass="0.097" lateralStiffness="20" />
        <wheel rotSpeed="-58" rotMax="30" rotMin="-30" driveMode="2" repr="3" radius="0.55" positionX="-1.221" positionY="0.728" positionZ="-1.922" deltaY="0.08" suspTravel="0.1" spring="250" damper="40" mass="0.097" lateralStiffness="20" />
        <wheel rotSpeed="0" driveMode="1" repr="0" radius="0.805" positionX="1.126" positionY="1.006" positionZ="1.905" deltaY="0.08" suspTravel="0.1" spring="250" damper="40" mass="0.2" lateralStiffness="20" />
        <wheel rotSpeed="0" driveMode="1" repr="1" radius="0.805" positionX="-1.127" positionY="1.006" positionZ="1.905" deltaY="0.08" suspTravel="0.1" spring="250" damper="40" mass="0.2" lateralStiffness="20" />
    </wheels>
    <motor minRpm="100" maxRpm="670 1050 2100" maxTorques="0.4 0.75 -1" brakeForce="6" lowBrakeForceScale="0.5" lowBrakeForceSpeedLimit="1" forwardGearRatio="18" backwardGearRatio="16" differentialRatio="1" rpmFadeOutRange="50">
		<torque rpm="2150" torque="1.0"/>
		
		<backwardTorque rpm="375" torque="2"/>
		<backwardTorque rpm="500" torque="0.7"/>
    </motor>
	<accelerationSpeed maxAcceleration="0.2" deceleration="0.8" />
    <fuelCapacity>150</fuelCapacity>
    <fuelUsage>0.0035</fuelUsage>
    <downForce>4</downForce>
    <cameras count="2">
        <camera1 index="4|0|0" rotatable="true" rotateNode="4|0" limit="true" rotMinX="-1.4" rotMaxX="0.05" transMin="6" transMax="25" >
			<raycastNode index="0>18"/>
			<raycastNode index="0>19"/>
		</camera1>
        <camera2 index="4|1" rotatable="true" rotateNode="4|1" limit="false" rotMinX="0" rotMaxX="0" transMin="0" transMax="0" />
    </cameras>
	
    <lights count="1">
        <light1 index="5" />
    </lights>
	
	<lightCones>
		<lightCone index="16" />	
	</lightCones>
	
	<lightCoronas>
		<lightCorona index="17" />	
	</lightCoronas>	
	
    <steering index="9|0" rotationSpeed="6"/>
	
    <attacherJoints>
        <attacherJoint jointType="cutter" index="11|0|0" rotationNode="11" maxRot="18 0 0" rotationNode2="11|0" maxRot2="0 0 0" moveTime="2.5" />
    </attacherJoints>
	
    <enterReferenceNode index="0>" />
    <exitPoint index="7" />
    
    <pipeSound file="$data/vehicles/steerable/deutz/hydraulicUp.wav" pitchOffset="1" pitchScale="0.03" pitchMax="2" />
    <threshingStartSound file="$data/vehicles/steerable/deutz//threshing_start.wav" pitchOffset="1.5" pitchScale="0.001" pitchMax="1.2" />
    <threshingSound file="$data/vehicles/steerable/deutz//threshing.wav" pitchOffset="1" pitchScale="0.001" pitchMax="1.2" />
    <threshingStopSound file="$data/vehicles/steerable/deutz//threshingStop.wav" pitchOffset="0.5" pitchScale="0.001" pitchMax="1.2" />
	<attachSound file="$data/vehicles/steerable/deutz/attach.wav" pitchOffset="1" />
    <motorStartSound file="sounds/old_combine_start.wav" pitchOffset="0.8" />
    <motorSound file="sounds/old_combine_idle.wav" pitchOffset="0.8" pitchScale="0.03" pitchMax="1.85" />
    <motorStopSound file="sounds/old_combine_out.wav" pitchOffset="0.8" />
    <aiMotorSound file="sounds/old_combine_idle.wav" pitchOffset="0.8" pitchScale="0.03" pitchMax="1.85" />
    <aiTreshingSound file="$data/vehicles/steerable/deutz//threshingAI.wav" pitchOffset="1" radius="35" innerRadius="25" volume="1.0" />  

	<honkSound file="$dataS2/sounds/horn.wav" volume="1" radius="80" innerRadius="35" />
	
    <cuttingAreas count="1">
        <cuttingArea1 startIndex="6|0" widthIndex="6|1" heightIndex="6|2"/>
    </cuttingAreas>

    <pipe numStates="2" unloadingStates="2" raycastNodeIndex="0>8|0">
        <node index="8" rotationSpeeds="16 35 0">
            <state1 rotation="0 0 0" />
            <state2 rotation="40 -90 0"/>
        </node>
    </pipe>
	
    <pipeParticleSystems>
        <pipeParticleSystem type="wheat" node="8|0" rotation="0 90 0" file="$data/vehicles/particleSystems/wheatParticleSystem.i3d" />
        <pipeParticleSystem type="barley" node="8|0" rotation="0 90 0" file="$data/vehicles/particleSystems/wheatParticleSystem.i3d" />
        <pipeParticleSystem type="rape" node="8|0" rotation="0 90 0" file="$data/vehicles/particleSystems/rapeParticleSystem.i3d" />
        <pipeParticleSystem type="maize" node="8|0" rotation="0 90 0" file="$data/vehicles/particleSystems/wheatParticleSystem.i3d" />
    </pipeParticleSystems>
	
    <movingTools>
        <!-- pipe -->
        <movingTool index="0>8" componentJointIndex="0" anchorActor="0"></movingTool>
    </movingTools>	
	
	<exhaustParticleSystems count="1">
        <exhaustParticleSystem1 node="13" file="$data/vehicles/particleSystems/exhaustParticleSystem.i3d" />
    </exhaustParticleSystems>

    <chopperParticleSystems>
        <chopperParticleSystem type="rape" position="0 1.071 -4.261" rotation="0 0 0" file="$data/vehicles/particleSystems/threshingChopperPSRapeSmall.i3d" />
        <chopperParticleSystem type="maize" position="0 1.071 -4.261" rotation="0 0 0" file="$data/vehicles/particleSystems/threshingChopperPSMaizeSmall.i3d" />
    </chopperParticleSystems>

    <strawParticleSystems toggleTime="3500">
        <strawParticleSystem type="wheat" position="0 1.071 -4.261" rotation="0 0 0" file="$data/vehicles/particleSystems/threshingStrawParticleSystemSmall.i3d" />
        <strawParticleSystem type="barley" position="0 1.071 -4.261" rotation="0 0 0" file="$data/vehicles/particleSystems/threshingStrawParticleSystemSmall.i3d" />
    </strawParticleSystems>	
	
    <grainTankCapacity>3200</grainTankCapacity>
    <grainTankUnloadingCapacity>250</grainTankUnloadingCapacity>
    <grainTankFruitTypes fruitTypes="wheat rape maize barley" />

    <combineSize>2</combineSize>
    <characterNode index="10" cameraMinDistance="1.5" />
	
    <strawAreas count="1">
        <strawArea1 startIndex="12|0" widthIndex="12|1" heightIndex="12|2" />
    </strawAreas>

    <vehicle.combineTrailerTriggers.combineTrailerTrigger index="14" />
    <aiTrafficCollisionTrigger index="15" />

    <components count="2">
        <component1 centerOfMass="0 0 -0.95" solverIterationCount="10" />
        <component2 solverIterationCount="10" />
        <joint component1="0" component2="1" index="0>8|1" rotLimit="0 0 0" transLimit="0 0 0" />
    </components>
	
    <schemaOverlay file="$data/vehicles/schemas/vehicleSchema.png" fileSelected="$data/vehicles/schemas/vehicleSchemaSelected.png" width="0.5" height="0.5" attacherJointPosition="0.5 0">
        <attacherJoint position="0 0" rotation="0" invertX="false" />
        <attacherJoint position="1 0" rotation="0" invertX="false" />
    </schemaOverlay>

</vehicle>
