﻿<?xml version="1.0" encoding="utf-8" standalone="no" ?>
<vehicle type="combine_cylindered">
	<annotation>Copyright (C) GIANTS Software GmbH, All Rights Reserved.</annotation>
    <name>Lizard 7210</name>
    <filename>models/lizard7210.i3d</filename>
    <size width="4.0" length="7.5" />
    <wheels autoRotateBackSpeed="2.0">
        <wheel rotSpeed="-58" rotMax="30" rotMin="-30" driveMode="1" repr="2" radius="0.492" positionX="1.229" positionY="0.728" positionZ="-1.922" deltaY="0.2" suspTravel="0.2" spring="60" damper="20" mass="0.097" lateralStiffness="20" />
        <wheel rotSpeed="-58" rotMax="30" rotMin="-30" driveMode="1" repr="3" radius="0.492" positionX="-1.221" positionY="0.728" positionZ="-1.922" deltaY="0.2" suspTravel="0.2" spring="60" damper="20" mass="0.097" lateralStiffness="20" />
        <wheel rotSpeed="0" driveMode="1" repr="0" radius="0.805" positionX="1.126" positionY="1.006" positionZ="1.905" deltaY="0.2" suspTravel="0.2" spring="60" damper="20" mass="0.2" lateralStiffness="20" />
        <wheel rotSpeed="0" driveMode="1" repr="1" radius="0.805" positionX="-1.127" positionY="1.006" positionZ="1.905" deltaY="0.2" suspTravel="0.2" spring="60" damper="20" mass="0.2" lateralStiffness="20" />
    </wheels>
    <motor minRpm="100" maxRpm="670 1110 2100" maxTorques="0.4 0.7 -1" brakeForce="7" lowBrakeForceScale="0.5" lowBrakeForceSpeedLimit="2" forwardGearRatio="18" backwardGearRatio="16" differentialRatio="1" rpmFadeOutRange="50">
        <torque rpm="300" torque="1.5"/>
		<torque rpm="2150" torque="1.2"/>
		
		<backwardTorque rpm="375" torque="2.0"/>
		<backwardTorque rpm="500" torque="0.7"/>
    </motor>
	<accelerationSpeed maxAcceleration="0.35" deceleration="0.8" />
    <fuelCapacity>150</fuelCapacity>
    <fuelUsage>0.0035</fuelUsage>
    <downForce>5</downForce>
    <cameras count="2">
        <camera1 index="7|0" rotatable="true" rotateNode="7" limit="true" rotMinX="-1.4" rotMaxX="0.05" transMin="7" transMax="25" >
			<raycastNode index="0>25"/>
			<raycastNode index="0>26"/>
		</camera1>
        <camera2 index="8" rotatable="true" rotateNode="8" limit="false" rotMinX="0" rotMaxX="0" transMin="0" transMax="0" />
    </cameras>
    <lights count="1">
        <light1 index="13" />
    </lights>
	
	<lightCones>
		<lightCone index="22" />	
	</lightCones>
	
	<lightCoronas>
		<lightCorona index="23" />	
	</lightCoronas>
	
	<beaconLights>
		<beaconLight index="24" speed="0.016" />
	</beaconLights>
	
    <steering index="14|0" rotationSpeed="6"/>
    <attacherJoints>
        <attacherJoint jointType="cutter" index="9|0|0" rotationNode="9" maxRot="17 0 0" rotationNode2="9|0" maxRot2="0 0 0" moveTime="2.5" />
    </attacherJoints>
    <enterReferenceNode index="0>" />
    <exitPoint index="10" />
    
    <pipeSound file="$data/vehicles/steerable/deutz/hydraulicUp.wav" pitchOffset="1" pitchScale="0.03" pitchMax="2" />
    <threshingStartSound file="$data/vehicles/steerable/deutz/threshing_start.wav" pitchOffset="1.5" pitchScale="0.001" pitchMax="1.2" volume="0.25" />
    <threshingSound file="$data/vehicles/steerable/deutz/threshing.wav" pitchOffset="1" pitchScale="0.001" pitchMax="1.2" volume="0.5" />
    <threshingStopSound file="$data/vehicles/steerable/deutz/threshingStop.wav" pitchOffset="0.5" pitchScale="0.001" pitchMax="1.2" volume="0.5" />
	<attachSound file="$data/vehicles/steerable/deutz/attach.wav" pitchOffset="1" />
    <motorStartSound file="sounds/lizard7210start.wav" pitchOffset="0.9" volume="0.5" />
    <motorSound file="sounds/lizard7210idle.wav" pitchOffset="0.9" pitchScale="0.02" pitchMax="1.25" volume="0.5" />
    <motorStopSound file="sounds/lizard7210out.wav" pitchOffset="0.9" volume="0.5" />
    <aiMotorSound file="sounds/lizard7210idleAI.wav" pitchOffset="1" radius="35" innerRadius="25" volume="0.5" />  
    <aiTreshingSound file="$data/vehicles/steerable/deutz/threshingAI.wav" pitchOffset="1" radius="35" innerRadius="25" volume="0.5" />  

	<honkSound file="$dataS2/sounds/horn.wav" client="$dataS2/sounds/horn.wav" volume="1" radius="80" innerRadius="35" />
	
    <cuttingAreas count="1">
        <cuttingArea1 startIndex="4" widthIndex="5" heightIndex="6"/>
    </cuttingAreas>
    <chopperBlind index="11" />
	
    <pipe numStates="2" unloadingStates="2" raycastNodeIndex="0>12|0">
        <node index="12" rotationSpeeds="16 35 0">
            <state1 rotation="0 0 0" />
            <state2 rotation="20 -90 0"/>
        </node>
    </pipe>

    <movingTools>
        <!-- pipe -->
        <movingTool index="0>12" componentJointIndex="0" anchorActor="0"></movingTool>
    </movingTools>	
	
    <pipeParticleSystems>
        <pipeParticleSystem type="wheat"  position="0.42316 0.77211 -3.47184" rotation="0 90 0" file="$data/vehicles/particleSystems/wheatParticleSystem.i3d" />
        <pipeParticleSystem type="barley" position="0.42316 0.77211 -3.47184" rotation="0 90 0" file="$data/vehicles/particleSystems/wheatParticleSystem.i3d" />
        <pipeParticleSystem type="rape"   position="0.42316 0.77211 -3.47184" rotation="0 90 0" file="$data/vehicles/particleSystems/rapeParticleSystem.i3d" />
        <pipeParticleSystem type="maize"  position="0.42316 0.77211 -3.47184" rotation="0 90 0" file="$data/vehicles/particleSystems/wheatParticleSystem.i3d" />
    </pipeParticleSystems>
	
	<exhaustParticleSystems count="1">
        <exhaustParticleSystem1 node="0>29" file="$data/vehicles/particleSystems/exhaustParticleSystem.i3d" />
    </exhaustParticleSystems>

    <chopperParticleSystems>
        <chopperParticleSystem type="rape" position="0 1.0961 -3.32783" rotation="0 0 0" file="$data/vehicles/particleSystems/threshingChopperPSRapeSmall.i3d" />
        <chopperParticleSystem type="maize" position="0 1.0961 -3.32783" rotation="0 0 0" file="$data/vehicles/particleSystems/threshingChopperPSMaizeSmall.i3d" />
    </chopperParticleSystems>

    <strawParticleSystems toggleTime="3500">
        <strawParticleSystem type="wheat" position="0 0.90856 -3.9518" rotation="0 0 0" file="$data/vehicles/particleSystems/threshingStrawParticleSystemSmall.i3d" />
        <strawParticleSystem type="barley" position="0 0.90856 -3.9518" rotation="0 0 0" file="$data/vehicles/particleSystems/threshingStrawParticleSystemSmall.i3d" />
    </strawParticleSystems>

    <grainTankCapacity>4500</grainTankCapacity>
    <grainTankUnloadingCapacity>250</grainTankUnloadingCapacity>

    <grainTankPlanes>
        <grainTankPlane type="wheat">
            <node index="15|0">
                <key time="0" translation="0.054 2.76 0.475" scale="1 1 1"/>
                <key time="1" translation="0.054 3.654 0.475" scale="1 1 1"/>
            </node>
        </grainTankPlane>
        <grainTankPlane type="maize">
            <node index="15|1">
                <key time="0" translation="0.054 2.76 0.475" scale="1 1 1"/>
                <key time="1" translation="0.054 3.654 0.475" scale="1 1 1"/>
            </node>
        </grainTankPlane>
        <grainTankPlane type="rape">
            <node index="15|2">
                <key time="0" translation="0.054 2.76 0.475" scale="1 1 1"/>
                <key time="1" translation="0.054 3.654 0.475" scale="1 1 1"/>
            </node>
        </grainTankPlane>
    </grainTankPlanes>	

    <grainTankFruitTypes fruitTypes="wheat rape maize barley" />

    <combineSize>2</combineSize>
    <characterNode index="16" cameraMinDistance="1.5" />
    <strawAreas count="1">
        <strawArea1 startIndex="17" widthIndex="18" heightIndex="19" />
    </strawAreas>

    <vehicle.combineTrailerTriggers.combineTrailerTrigger index="20" />
    <aiTrafficCollisionTrigger index="21" />

    <components count="2">
        <component1 centerOfMass="0 0 -0.95" solverIterationCount="10" />
        <component2 solverIterationCount="10" />
        <joint component1="0" component2="1" index="0>12|1" rotLimit="0 0 0" transLimit="0 0 0" />
    </components>
	
    <schemaOverlay file="$data/vehicles/schemas/vehicleSchema.png" fileSelected="$data/vehicles/schemas/vehicleSchemaSelected.png" width="0.5" height="0.5" attacherJointPosition="0.5 0">
        <attacherJoint position="0 0" rotation="0" invertX="false" />
        <attacherJoint position="1 0" rotation="0" invertX="false" />
    </schemaOverlay>

</vehicle>
