<?xml version="1.0" encoding="utf-8" standalone="no" ?>
<vehicle type="cutter">
	<annotation>Copyright (C) GIANTS Software GmbH, All Rights Reserved.</annotation>
    <name>
        <en>Cutter</en>
        <de>Schneidwerk</de>
    </name>
	<typeDesc>$l10n_TypeDesc_Cutter</typeDesc>
    <filename>models/lizard58Cutter.i3d</filename>
    <size width="5.0" length="3.0" />
    <sidearms index="0" movable="false" />
    <reel index="0|0" />
    <reelspikes index="0|0|0" count="6" />
	
    <cuttingAreas count="1">
        <cuttingArea1 startIndex="2" widthIndex="3" heightIndex="4" losing="false"/>
    </cuttingAreas>
    <aiLeftMarker index="6" />
    <aiRightMarker index="7" />
    <aiTrafficCollisionTrigger index="8" />
    <aiTurnTreshWidthScale value="0.95" />
    <attacherJoint index="5" jointType="cutter"/>
    <roll index="1" />
    <threshingParticleSystem position="0 0 -1" rotation="0 0 0" file="$data/vehicles/particleSystems/threshingCutterMiddleParticleSystem.i3d" />
    <preferedCombineSize>1</preferedCombineSize>
    <fruitTypes fruitTypes="wheat rape barley"/>
    <components count="1">
        <component1 centerOfMass="0 0 -0.3" />
    </components>
	
    <schemaOverlay file="$data/vehicles/schemas/implement2Schema.png" fileSelected="$data/vehicles/schemas/implement2SchemaSelected.png" width="0.5" height="0.5" attacherJointPosition="1 0"/>
	
</vehicle>
