﻿<?xml version="1.0" encoding="utf-8" standalone="no" ?>
<vehicle type="mower_animated">
	<annotation>Copyright (C) GIANTS Software GmbH, All Rights Reserved.</annotation>
    <name>
        <en>Poettinger NOVADISC 900</en>
        <de>Pöttinger NOVADISC 900</de>
    </name>
	<typeDesc>$l10n_TypeDesc_Mower</typeDesc>
    <filename>models/novadisc900.i3d</filename>
    
    <size width="9.5" length="2.5" />

    <cuttingAreas count="2">
        <cuttingArea1 startIndex="0" widthIndex="1" heightIndex="2" foldMinLimit="0" foldMaxLimit="0.2"/>
        <cuttingArea2 startIndex="3" widthIndex="4" heightIndex="5" foldMinLimit="0" foldMaxLimit="0.2"/>
    </cuttingAreas>
	
    <attacherJoint index="6" jointType="implement" topReferenceNode="7"/>
	
    <isDefaultLowered value="false"/>
    <needsLowering value="false" />
    <allowsLowering value="false" />
	<onlyActiveWhenLowered value="false" />

    <mowerSound file="sounds/mower.wav" pitchOffset="1" volume="0.5" />
    <foldingParts>
        <foldingPart componentJointIndex="0" anchorActor="0" animationClip="foldRightClipSource" rootNode="10" speedScale="0.7" />
        <foldingPart componentJointIndex="1" anchorActor="0" animationClip="foldLeftClipSource" rootNode="13" speedScale="0.8" />
    </foldingParts>
	
    <lights count="2">
        <light1 index="10|0|1" />
        <light2 index="13|0|1" />
    </lights>
	
	<lightCoronas>
		<lightCorona index="10|0|0" />	
		<lightCorona index="13|0|0" />	
	</lightCoronas>	

	<components count="3">
        <component1 centerOfMass="0 0 -1.3" solverIterationCount="25" />
        <component2 centerOfMass="2.6 -0.4 -0.15" solverIterationCount="25" />
        <component3 centerOfMass="-2.6 -0.4 -0.15" solverIterationCount="25" />
        <joint component1="0" component2="1" index="0>9" rotLimit="0 0 0" transLimit="0 0 0" />
        <joint component1="0" component2="2" index="0>12" rotLimit="0 0 0" transLimit="0 0 0" />
    </components>
	
    <schemaOverlay file="$data/vehicles/schemas/implementSchema.png" fileSelected="$data/vehicles/schemas/implementSchemaSelected.png" width="0.5" height="0.5" attacherJointPosition="0 0"/>

</vehicle>