﻿<?xml version="1.0" encoding="utf-8" standalone="no" ?>
<vehicle type="plough">
	<annotation>Copyright (C) GIANTS Software GmbH, All Rights Reserved.</annotation>
    <name>
        <en>Plow</en>
        <de>Pflug</de>
    </name>
	<typeDesc>$l10n_TypeDesc_Plough</typeDesc>
    <filename>models/plough01.i3d</filename>
    <cuttingAreas count="1">
        <cuttingArea1 startIndex="2|0|0" widthIndex="2|0|1" heightIndex="2|0|2"/>
    </cuttingAreas>

    <size width="2.0" length="4.5" />

    <ploughTurnSound file="$data/vehicles/steerable/deutz/hydraulicUp.wav" pitchOffset="0.5" volume="1.0"/>
    <ploughSound file="$data/vehicles/tools/ploughSound.wav" pitchOffset="0.5" volume="0.6"/>

    <groundParticleSystem position="0 0 0.2" rotation="0 0 0" file="$data/vehicles/particleSystems/fieldWorkParticleSystem.i3d" />

    <aiLeftMarker index="2|0|3" />
    <aiRightMarker index="2|0|4" />
    <aiBackMarker index="2|0|5" />

    <attacherJoint index="0" jointType="implement" topReferenceNode="1" />
    <rotationPart index="2|0" minRot="0 0 0" maxRot="0 0 180" rotTime="3" touchRotLimit="10"/>
    <components count="1">
        <component1 centerOfMass="0.2 0 0.5" solverIterationCount="4" />
    </components>
	
    <schemaOverlay file="$data/vehicles/schemas/implementSchema.png" fileSelected="$data/vehicles/schemas/implementSchemaSelected.png" width="0.5" height="0.5" attacherJointPosition="0 0"/>
</vehicle>
