﻿<?xml version="1.0" encoding="utf-8" standalone="no" ?>
<vehicle type="selfPropelledSprayer">
	<annotation>Copyright (C) GIANTS Software GmbH, All Rights Reserved.</annotation>

    <typeDesc>$l10n_TypeDesc_Sprayer</typeDesc>

    <filename>models/selfPropelledSprayer.i3d</filename>
    <wheels autoRotateBackSpeed="2.5">
        <wheel rotSpeed="70" rotMax="32" rotMin="-32" driveMode="2" repr="0" radius="0.879" deltaY="0.0" suspTravel="0.1" spring="60" damper="20" mass="1.075" lateralStiffness="20" />
        <wheel rotSpeed="70" rotMax="32" rotMin="-32" driveMode="2" repr="1" radius="0.879" deltaY="0.0" suspTravel="0.1" spring="60" damper="20" mass="1.075" lateralStiffness="20" />
        <wheel rotSpeed="0" driveMode="1" repr="2" radius="0.879" deltaY="0.0" suspTravel="0.1" spring="60" damper="20" mass="1.0" lateralStiffness="20" />
        <wheel rotSpeed="0" driveMode="1" repr="3" radius="0.879" deltaY="0.0" suspTravel="0.1" spring="60" damper="20" mass="1.0" lateralStiffness="20" />
    </wheels>

    <motor minRpm="100" maxRpm="700 1000 1860 550" maxTorques="6.0 9.5 -1 4.8" brakeForce="38" lowBrakeForceScale="0.6" lowBrakeForceSpeedLimit="1" forwardGearRatio="12.0" backwardGearRatio="12.1" differentialRatio="1" rpmFadeOutRange="0">
        <torque rpm="350" torque="20"/>
        <torque rpm="1860" torque="18"/>		
		
		<backwardTorque rpm="250" torque="20"/>
		<backwardTorque rpm="400" torque="7"/>		
    </motor>
	<accelerationSpeed maxAcceleration="0.2" deceleration="0.9" />
    <fuelCapacity>200</fuelCapacity>
    <fuelUsage>0.0023</fuelUsage>

    <downForce>5</downForce>

    <cameras count="2">
        <camera1 index="4|0" rotatable="true" rotateNode="4" limit="true" rotMinX="-1.4" rotMaxX="0" transMin="5" transMax="30" >
			<raycastNode index="0>26"/>
			<raycastNode index="0>27"/>
		</camera1>
        <camera2 index="5" rotatable="true" limit="false" rotMinX="0" rotMaxX="0" transMin="0" transMax="0" />
    </cameras>

    <lights count="2">
        <light1 index="11" />
        <light2 index="12" />
    </lights>
	
	<lightCones>
		<lightCone index="23" />	
	</lightCones>
	
	<lightCoronas>
		<lightCorona index="24" />	
	</lightCoronas>
	
	<beaconLights>
		<beaconLight index="25" speed="0.016" />
	</beaconLights>

    <steering index="6|0" rotationSpeed="6"/>

    <enterReferenceNode index="0>" />
    <exitPoint index="10" />

    <size width="3.5" length="5.5" lengthOffset="-0.4"/>
	
	<motorStartDuration>2000</motorStartDuration>
    <attachSound file="$data/vehicles/steerable/deutz/attach.wav" pitchOffset="1" />
    <motorSoundRun file="$data/vehicles/steerable/deutz/agro620_run.wav" pitchOffset="0.5" pitchScale="0.02" pitchMax="1.05" volume="0.5" />
    <compressedAirSound file="$data/vehicles/steerable/deutz/compressedAir.wav" pitchOffset="1" volume="1.0"/>
    <compressionSound file="$data/vehicles/steerable/deutz/compressorWork.wav" pitchOffset="1" volume="1.5"/>
    <aiMotorSound  file="sounds/selfPropelledidleAI.wav" pitchOffset="1" radius="35" innerRadius="25" volume="1.0" />
    <spraySound file="$data/vehicles/tools/sprayer.wav" pitchOffset="1" volume="1"/>
    <motorStartSound file="sounds/selfPropelledStart.wav" pitchOffset="1" />
    <motorSound file="sounds/selfPropelledidle.wav" pitchOffset="1" pitchScale="0.03" pitchMax="1.65"/>
    <motorStopSound file="sounds/selfPropelledStop.wav" pitchOffset="1" />

    <exhaustParticleSystems count="1">
        <exhaustParticleSystem1 node="20" file="$data/vehicles/particleSystems/exhaustParticleSystem.i3d" />
    </exhaustParticleSystems>

	<honkSound file="$dataS2/sounds/horn.wav" client="$dataS2/sounds/horn.wav" volume="1" radius="80" innerRadius="35" />
	
    <characterNode index="14" cameraMinDistance="1.5" />

    <cuttingAreas count="5">
        <cuttingArea1 startIndex="7" widthIndex="8" heightIndex="9"/>
        <cuttingArea2 startIndex="16|2" widthIndex="16|3" heightIndex="16|4"/>
        <cuttingArea3 startIndex="16|0|1" widthIndex="16|0|2" heightIndex="16|0|3"/>
        <cuttingArea4 startIndex="17|2" widthIndex="17|3" heightIndex="17|4"/>
        <cuttingArea5 startIndex="17|0|1" widthIndex="17|0|2" heightIndex="17|0|3"/>
    </cuttingAreas>

    <foldingParts startMoveDirection="1">
        <foldingPart componentJointIndex="0" anchorActor="0" animationClip="foldRightClip01Source" rootNode="16" speedScale="0.75" />
        <foldingPart componentJointIndex="1" anchorActor="0" animationClip="foldRightClip02Source" rootNode="16|0" speedScale="0.8" />
        <foldingPart componentJointIndex="2" anchorActor="0" animationClip="foldLeftClip01Source" rootNode="17" speedScale="0.7" />
        <foldingPart componentJointIndex="3" anchorActor="0" animationClip="foldLeftClip02Source" rootNode="17|0" speedScale="0.85" />
    </foldingParts>

    <sprayUsages>
        <sprayUsage fillType="fertilizer" litersPerSecond="7" />
    </sprayUsages>

    <fillTypes fillTypes="fertilizer"/>
    <capacity>5000</capacity>
    <startFillLevel>0</startFillLevel>
	<fillLitersPerSecond>200</fillLitersPerSecond>

    <sprayParticleSystem file="$data/vehicles/particleSystems/sprayParticleSystem.i3d" />

    <sprayValves>
        <sprayValve index="21" />
        <sprayValve index="16|5" />
        <sprayValve index="16|6" />
        <sprayValve index="16|7" />
        <sprayValve index="16|8" />
        <sprayValve index="16|9" />
        <sprayValve index="16|10" />
        <sprayValve index="16|0|4" />
        <sprayValve index="16|0|5" />
        <sprayValve index="16|0|6" />
        <sprayValve index="16|0|7" />
        <sprayValve index="16|0|8" />
        <sprayValve index="16|0|9" />
        <sprayValve index="16|0|10" />
        <sprayValve index="17|5" />
        <sprayValve index="17|6" />
        <sprayValve index="17|7" />
        <sprayValve index="17|8" />
        <sprayValve index="17|9" />
        <sprayValve index="17|10" />
        <sprayValve index="17|0|4" />
        <sprayValve index="17|0|5" />
        <sprayValve index="17|0|6" />
        <sprayValve index="17|0|7" />
        <sprayValve index="17|0|8" />
        <sprayValve index="17|0|9" />
        <sprayValve index="17|0|10" />
    </sprayValves>

    <aiTrafficCollisionTrigger index="22" />

	<components count="5">
        <component1 centerOfMass="0 0 0" solverIterationCount="10" />
        <component2 centerOfMass="0 -2.8 0" solverIterationCount="10" />
        <component3 centerOfMass="0 -2.8 0" solverIterationCount="10" />
        <component4 centerOfMass="0 -2.8 0" solverIterationCount="10" />
        <component5 centerOfMass="0 -2.8 0" solverIterationCount="10" />
        <joint component1="0" component2="1" index="0>16|1" rotLimit="0 0 0" transLimit="0 0 0" />
        <joint component1="0" component2="2" index="0>16|0|0" rotLimit="0 0 0" transLimit="0 0 0" />
        <joint component1="0" component2="3" index="0>17|1" rotLimit="0 0 0" transLimit="0 0 0" />
        <joint component1="0" component2="4" index="0>17|0|0" rotLimit="0 0 0" transLimit="0 0 0" />
    </components>
	
    <schemaOverlay file="$data/vehicles/schemas/implementSchema.png" fileSelected="$data/vehicles/schemas/implementSchemaSelected.png" width="0.5" height="0.5" attacherJointPosition="0 0"/>

</vehicle>
