﻿<?xml version="1.0" encoding="utf-8" standalone="no" ?>
<vehicle type="trailer">
	<annotation>Copyright (C) GIANTS Software GmbH, All Rights Reserved.</annotation>
    <name>
        <en>Small Tipper</en>
        <de>Kleiner Anhänger</de>
    </name>
	<typeDesc>$l10n_TypeDesc_Tipper</typeDesc>
    <filename>models/smallTipper.i3d</filename>

    <size width="3.5" length="8.0" />

    <wheels autoRotateBackSpeed="2.0">
        <wheel driveMode="0" repr="0" radius="0.765" deltaY="0.2" suspTravel="0.25" spring="8" damper="20" mass="0.2" />
        <wheel driveMode="0" repr="1" radius="0.765" deltaY="0.2" suspTravel="0.25" spring="8" damper="20" mass="0.2" />
    </wheels>
    <brakeForce>1</brakeForce>
    <lights count="1">
        <light1 index="6" />
    </lights>
	<lightCoronas>
		<lightCorona index="13" />
	</lightCoronas>	    
    
    <fillPlanes>
        <fillPlane type="wheat">
            <node index="3|1">
                <key time="0" y="0.246" scale="0.940 0.005 1"/>
                <key time="0.005" y="0.246" scale="0.910 0.05 1"/>
                <key time="0.09" y="0.246" scale="1 0.09 1"/>
                <key time="0.5" y="0.246" scale="1 0.5 1"/>
                <key time="1" y="0.246" scale="1 1 1"/>
            </node>
        </fillPlane>
        <fillPlane type="barley">
            <node index="3|1">
                <key time="0" y="0.246" scale="0.8 0.01 1"/>
                <key time="0.05" y="0.246" scale="0.910 0.05 1"/>
                <key time="0.22" y="0.246" scale="1 0.22 1"/>
                <key time="0.5" y="0.246" scale="1 0.5 1"/>
                <key time="1" y="0.246" scale="1 1 1"/>
            </node>
        </fillPlane>
        <fillPlane type="maize">
            <node index="3|2">
                <key time="0" y="0.246" scale="0.8 0.01 1"/>
                <key time="0.05" y="0.246" scale="0.910 0.05 1"/>
                <key time="0.22" y="0.246" scale="1 0.22 1"/>
                <key time="0.5" y="0.246" scale="1 0.5 1"/>
                <key time="1" y="0.246" scale="1 1 1"/>
            </node>
        </fillPlane>
        <fillPlane type="rape">
            <node index="3|3">
                <key time="0" y="0.246" scale="0.8 0.01 1"/>
                <key time="0.05" y="0.246" scale="0.910 0.05 1"/>
                <key time="0.22" y="0.246" scale="1 0.22 1"/>
                <key time="0.5" y="0.246" scale="1 0.5 1"/>
                <key time="1" y="0.246" scale="1 1 1"/>
            </node>
        </fillPlane>
        <fillPlane type="chaff">
            <node index="3|4">
                <key time="0" y="0.246" scale="0.8 0.01 1"/>
                <key time="0.05" y="0.246" scale="0.910 0.05 1"/>
                <key time="0.22" y="0.246" scale="1 0.22 1"/>
                <key time="0.5" y="0.246" scale="1 0.5 1"/>
                <key time="1" y="0.246" scale="1 1 1"/>
            </node>
        </fillPlane>
		<fillPlane type="potato">
            <node index="0>3|5">
                <key time="0" y="0.246" scale="0.940 0.005 1"/>
                <key time="0.005" y="0.246" scale="0.910 0.05 1"/>
                <key time="0.09" y="0.246" scale="1 0.09 1"/>
                <key time="0.5" y="0.246" scale="1 0.5 1"/>
                <key time="1" y="0.246" scale="1 1 1"/>
            </node>
        </fillPlane>
		<fillPlane type="sugarBeet">
            <node index="0>3|6">
                <key time="0" y="0.246" scale="0.940 0.005 1"/>
                <key time="0.005" y="0.246" scale="0.910 0.05 1"/>
                <key time="0.09" y="0.246" scale="1 0.09 1"/>
                <key time="0.5" y="0.246" scale="1 0.5 1"/>
                <key time="1" y="0.246" scale="1 1 1"/>
            </node>
        </fillPlane>
    </fillPlanes>
    
    <massScale value="0.25" />
    <capacity>12700</capacity>
    <!--cuttingAreas count="1">
        <cuttingArea1 startIndex="0|6" widthIndex="0|7" heightIndex="0|8"/>
    </cuttingAreas-->

    <hydraulicSound file="$data/vehicles/steerable/deutz/hydraulicUp.wav" pitchOffset="0.9" volume="1.0" />
    <fillSound file="$data/maps/sounds/siloFillSound.wav" pitchOffset="1.0" volume="1.5" />

    <attacherJoint index="2" jointType="trailer"/>
    <trailerAttacherJoints>
        <trailerAttacherJoint index="9" low="false" maxRotLimit="10 80 80" />
    </trailerAttacherJoints>
    <tipReferencePoint index="8" />
    <tipAnimation rootNode="3" speedScale="1" clip="tipAnimationClipSource" />

    <dischargeParticleSystems>
                <dischargeParticleSystem type="wheat" node="3" position="0 0 1.0669" rotation="0 0 0" file="$data/vehicles/particleSystems/trailerDPSBig.i3d" />
                <dischargeParticleSystem type="maize" node="3" position="0 0 1.0669" rotation="0 0 0" file="$data/vehicles/particleSystems/trailerDPSBig.i3d" />
                <dischargeParticleSystem type="barley" node="3" position="0 0 1.0669" rotation="0 0 0" file="$data/vehicles/particleSystems/trailerDPSBig.i3d" />
                <dischargeParticleSystem type="rape" node="3" position="0 0 1.0669" rotation="0 0 0" file="$data/vehicles/particleSystems/trailerDPSBigRape.i3d" />
                <dischargeParticleSystem type="chaff" node="3" position="0 0 1.0669" rotation="0 0 0" file="$data/vehicles/particleSystems/trailerDPSBigChaff.i3d" />
				<dischargeParticleSystem type="potato" node="3" position="0 0 1.0669" rotation="0 0 0" file="$data/vehicles/particleSystems/trailerDPSBigPotato.i3d" />
				<dischargeParticleSystem type="sugarBeet" node="3" position="0 0 1.0669" rotation="0 0 0" file="$data/vehicles/particleSystems/trailerDPSBigSugarBeet.i3d" />
    </dischargeParticleSystems>

    <fillRootNode index="0>" />
    <exactFillRootNode index="10" />
    <fillAutoAimTargetNode index="11" />
    <fillMassNode index="0>" />

    <fillTypes fruitTypes="wheat barley rape maize chaff potato sugarBeet"/>
	
    <movingTools>
        <!-- support -->
        <movingTool index="0>12" componentJointIndex="0" anchorActor="0"></movingTool>
    </movingTools>
	
    <animations>
        <!-- move support wheel down/up -->
        <animation name="moveSupport">
            <part node="12" startTime="0" duration="0.6" startTrans="0 0.8 3.428" endTrans="0 0 3.428" />
        </animation>		
    </animations>
	
    <support animationName="moveSupport" />	
	
    <components count="2">
        <component1 centerOfMass="0 0.1 0" solverIterationCount="4" />
        <component2 solverIterationCount="8" />
        <joint component1="0" component2="1" index="0>12|0" rotLimit="0 0 0" transLimit="0 0 0" />
    </components>
	
    <schemaOverlay file="$data/vehicles/schemas/implementSchema.png" fileSelected="$data/vehicles/schemas/implementSchemaSelected.png" width="0.5" height="0.5" attacherJointPosition="0 0"/>
	
</vehicle>
