﻿<?xml version="1.0" encoding="utf-8" standalone="no" ?>
<vehicle type="sowingMachine">
	<annotation>Copyright (C) GIANTS Software GmbH, All Rights Reserved.</annotation>
    <name>
        <de>Sämaschine</de>
    </name>
	<typeDesc>$l10n_TypeDesc_Seeder</typeDesc>
    <filename>models/sowingMachine01.i3d</filename>

    <size width="3.5" length="1.5" lengthOffset="-0.1"/>

    <wheels autoRotateBackSpeed="2.0">
        <wheel driveMode="0" repr="0" radius="0.262" deltaY="0.20" suspTravel="0.20" spring="100" damper="0" mass="0.4" />
        <wheel driveMode="0" repr="1" radius="0.262" deltaY="0.20" suspTravel="0.20" spring="100" damper="0" mass="0.4" />
    </wheels>

    <cuttingAreas count="1">
        <cuttingArea1 startIndex="2" widthIndex="3" heightIndex="4"/>
    </cuttingAreas>

    <fillTypes fillTypes="seeds"/>
    <capacity>400</capacity>
    <startFillLevel>0</startFillLevel>
	<fillLitersPerSecond>40</fillLitersPerSecond>

    <sowingSound file="$data/vehicles/tools/ploughSound.wav" pitchOffset="0.5" volume="0.3"/>

    <attacherJoint index="5" jointType="implement" fixedRotation="true" topReferenceNode="6"/>

    <aiLeftMarker index="8" />
    <aiRightMarker index="9" />
    <aiBackMarker index="10" />

    <components count="1">
        <component1 centerOfMass="0 0 0" solverIterationCount="4" />
    </components>
	
    <schemaOverlay file="$data/vehicles/schemas/implementSchema.png" fileSelected="$data/vehicles/schemas/implementSchemaSelected.png" width="0.5" height="0.5" attacherJointPosition="0 0"/>

</vehicle>