﻿<?xml version="1.0" encoding="utf-8" standalone="no" ?>
<vehicle type="sprayer">
	<annotation>Copyright (C) GIANTS Software GmbH, All Rights Reserved.</annotation>
    <name>
        <de>Monsoon TRITON 500</de>
    </name>
	<typeDesc>$l10n_TypeDesc_Sprayer</typeDesc>
    <filename>models/triton500.i3d</filename>

    <size width="4.0" length="2.0" />

    <cuttingAreas count="5">
        <cuttingArea1 startIndex="0" widthIndex="1" heightIndex="2"/>
        <cuttingArea2 startIndex="6|0|7" widthIndex="6|0|8" heightIndex="6|0|9"/>
        <cuttingArea3 startIndex="6|0|0|0|5" widthIndex="6|0|0|0|6" heightIndex="6|0|0|0|7"/>
        <cuttingArea4 startIndex="7|0|7" widthIndex="7|0|8" heightIndex="7|0|9"/>
        <cuttingArea5 startIndex="7|0|0|0|5" widthIndex="7|0|0|0|6" heightIndex="7|0|0|0|7"/>
    </cuttingAreas>

    <attacherJoint index="3" jointType="implement" topReferenceNode="4"/>

    <needsLowering value="false" />

    <foldingParts startMoveDirection="1">
        <foldingPart componentJointIndex="0" anchorActor="0" animationClip="foldRightClipSource" rootNode="6|0" speedScale="0.5" />
        <foldingPart componentJointIndex="1" anchorActor="0" animationClip="foldRightClip1Source" rootNode="6|0|0" speedScale="0.5" />
        <foldingPart componentJointIndex="2" anchorActor="0" animationClip="foldLeftClipSource" rootNode="7|0" speedScale="0.5" />
        <foldingPart componentJointIndex="3" anchorActor="0" animationClip="foldLeftClip1Source" rootNode="7|0|0" speedScale="0.5" />
    </foldingParts>
    
    
    <sprayUsages>
        <sprayUsage fillType="fertilizer" litersPerSecond="3.33" />
    </sprayUsages>

    <fillTypes fillTypes="fertilizer"/>
    <capacity>1000</capacity>
    <startFillLevel>0</startFillLevel>
	<fillLitersPerSecond>50</fillLitersPerSecond>

    <spraySound file="$data/vehicles/tools/sprayer.wav" pitchOffset="1" volume="1"/>

    <sprayParticleSystem file="$data/vehicles/particleSystems/sprayParticleSystem.i3d" />
    <sprayValves>
        <sprayValve index="9" />
        <sprayValve index="10" />
        <sprayValve index="11" />
        <sprayValve index="12" />
        <sprayValve index="13" />
        <sprayValve index="6|0|2" />
        <sprayValve index="6|0|3" />
        <sprayValve index="6|0|4" />
        <sprayValve index="6|0|5" />
        <sprayValve index="6|0|6" />
        <sprayValve index="6|0|0|0|0" />
        <sprayValve index="6|0|0|0|1" />
        <sprayValve index="6|0|0|0|2" />
        <sprayValve index="6|0|0|0|3" />
        <sprayValve index="6|0|0|0|4" />
        <sprayValve index="7|0|2" />
        <sprayValve index="7|0|3" />
        <sprayValve index="7|0|4" />
        <sprayValve index="7|0|5" />
        <sprayValve index="7|0|6" />
        <sprayValve index="7|0|0|0|0" />
        <sprayValve index="7|0|0|0|1" />
        <sprayValve index="7|0|0|0|2" />
        <sprayValve index="7|0|0|0|3" />
        <sprayValve index="7|0|0|0|4" />
    </sprayValves>

	<components count="5">
        <component1 centerOfMass="0 0 0.2" solverIterationCount="15" />
        <component2 centerOfMass="0 0 0" solverIterationCount="15" />
        <component3 centerOfMass="0 0 0" solverIterationCount="15" />
        <component4 centerOfMass="0 0 0" solverIterationCount="15" />
        <component5 centerOfMass="0 0 0" solverIterationCount="15" />
        <joint component1="0" component2="1" index="0>6|0|1" rotLimit="0 0 0" transLimit="0 0 0" />
        <joint component1="0" component2="2" index="0>6|0|0|0|8" rotLimit="0 0 0" transLimit="0 0 0" />
        <joint component1="0" component2="3" index="0>7|0|1" rotLimit="0 0 0" transLimit="0 0 0" />
        <joint component1="0" component2="4" index="0>7|0|0|0|8" rotLimit="0 0 0" transLimit="0 0 0" />
    </components>
	
    <schemaOverlay file="$data/vehicles/schemas/implementSchema.png" fileSelected="$data/vehicles/schemas/implementSchemaSelected.png" width="0.5" height="0.5" attacherJointPosition="0 0"/>

</vehicle>
