<?xml version="1.0" encoding="utf-8" standalone="no"?>
<modDesc descVersion="14">
 <author>leonill007</author>
 <version>1.0.0.0</version>
	<title>
		<de>Deutz Agroplus 420</de>
	</title>
	<description>
		<de>Deutz Agroplus 420</de>
	</description>
 <iconFilename>store_deutzAgroplus420.dds</iconFilename>
 <multiplayer supported="true"/>
 <storeItems>
        <storeItem>
            <de>
                <name>Deutz Agroplus 420</name>
                <description>
<![CDATA[Deutz-Fahr Agrofarm TTV 430 ist mit seinen 109PS ein kleiner kompakter aber leistungsstarker Schlepper.]]>
                </description>
				<specs>
<![CDATA[Max. Leistung: 80 kW / 109 PS
Unterhaltskosten: %s / Tag]]>
				</specs>
            </de>
            <rotation>0</rotation>
            <image active="store_deutzAgroplus420.dds" brand="$data/vehicles/brand_deutz.dds"/>
            <price>108000</price>
            <xmlFilename>deutzAgroplus420.xml</xmlFilename>
			<dailyUpkeep>120</dailyUpkeep>
			<brand>Deutz</brand>
			<machineType>tractors</machineType>
        </storeItem>
    </storeItems>
</modDesc>
