<?xml version="1.0" encoding="utf-8" standalone="no" ?>
<modDesc descVersion="14">
    <author>GIANTS Software, leonill007</author>
    <version>1.1.1.0</version>
    <title>
        <de>LS11 Paket</de>
		<en>LS11 Package</en>
    </title>
    <description>
        <de>Dieses Paket beinhaltet alle vorhandenden Fahrzeuge, Anbaugeräte und Anhänger usw. aus dem Landwirtschafts-Simulator 2011</de>
        <en>This package includes all existing vehicles, attachments, trailers, etc. from Farming Simulator 2011</en>
    </description>

    <iconFilename>icon_pack.dds</iconFilename>

    <multiplayer supported="true" />

<storeItems>
    <storeItem>
        <name>$l10n_shopItemName_lizard422</name>
        <description>$l10n_shopItemDescription_lizard422</description>
        <specs>$l10n_shopItemSpecs_lizard422</specs>
        <image active="store/store_lizard422.png" brand="$data/vehicles/brand_lizard.png"/>
        <price>28000</price>
		<dailyUpkeep>28</dailyUpkeep>
        <xmlFilename>scripts/lizard422.xml</xmlFilename>
        <rotation>0</rotation>
        <machineType>tractors</machineType>
		<brand>$l10n_shopItemBrand_lizard</brand>
    </storeItem>
      
    
    
    <storeItem>  
        <name>$l10n_shopItemName_lizard2850</name>
        <description>$l10n_shopItemDescription_lizard2850</description>
        <specs>$l10n_shopItemSpecs_lizard2850</specs>
        <image active="store/store_lizard2850.png" brand="$data/vehicles/brand_lizard.png"/>
        <price>26000</price>
		<dailyUpkeep>26</dailyUpkeep>
        <xmlFilename>scripts/lizard2850.xml</xmlFilename>
        <rotation>0</rotation>
        <machineType>tractors</machineType>
		<brand>$l10n_shopItemBrand_lizard</brand>
    </storeItem>
	
	
	
    <storeItem>  
        <name>Lizard 2850 mit Fronthydraulik</name>
        <description>$l10n_shopItemDescription_lizard2850</description>
        <specs>$l10n_shopItemSpecs_lizard2850</specs>
        <image active="store/store_lizard2850.png" brand="$data/vehicles/brand_lizard.png"/>
        <price>27000</price>
		<dailyUpkeep>27</dailyUpkeep>
        <xmlFilename>scripts/lizard2850fh.xml</xmlFilename>
        <rotation>0</rotation>
        <machineType>tractors</machineType>
		<brand>$l10n_shopItemBrand_lizard</brand>
    </storeItem>
    
    
    
    <storeItem>  
        <name>Deutz Agroplus 77</name>
        <description>Der Deutz Agroplus 77 ist dank seiner kompakten Größe äußerst wendig und verfügt auch über eine reiche technische Ausstattung.</description>
        <specs>Max. Leistung: 70 kW / 95 PS</specs>
        <image active="store/store_deutzAgroplus77.png" brand="$data/vehicles/brand_deutz.png"/>
        <price>86000</price>
		<dailyUpkeep>86</dailyUpkeep>
        <xmlFilename>scripts/deutzAgroplus77.xml</xmlFilename>
        <rotation>0</rotation>
        <machineType>tractors</machineType>
		<brand>$l10n_shopItemBrand_deutz</brand>
    </storeItem>
    
    
    
    <storeItem>  
        <name>$l10n_shopItemName_deutzAgrotronL720</name>
        <description>$l10n_shopItemDescription_deutzAgrotronL720</description>
        <specs>$l10n_shopItemSpecs_deutzAgrotronL720</specs>
        <image active="store/store_deutzAgrotronL720.png" brand="$data/vehicles/brand_deutz.png"/>
        <price>230000</price>
		<dailyUpkeep>230</dailyUpkeep>
        <xmlFilename>scripts/deutzAgrotronL720.xml</xmlFilename>
        <rotation>0</rotation>
        <machineType>tractors</machineType>
		<brand>$l10n_shopItemBrand_deutz</brand>
    </storeItem>
    
    
    
    <storeItem>  
        <name>$l10n_shopItemName_deutzF1m414</name>
        <description>$l10n_shopItemDescription_deutzF1m414</description>
        <specs>$l10n_shopItemSpecs_deutzF1m414</specs>
        <image active="store/store_deutzF1m414.png" brand="$data/vehicles/brand_deutz.png"/>
        <price>50000</price>
		<dailyUpkeep>50</dailyUpkeep>
        <xmlFilename>scripts/deutzF1m414.xml</xmlFilename>
        <rotation>0</rotation>
        <machineType>tractors</machineType>
		<brand>$l10n_shopItemBrand_deutz</brand>
    </storeItem>

    
    
    
    <storeItem>  
        <name>$l10n_shopItemName_lizard58</name>
        <description>$l10n_shopItemDescription_lizard58</description>
        <specs>$l10n_shopItemSpecs_lizard58</specs>
        <image active="store/store_lizard58.png" brand="$data/vehicles/brand_lizard.png"/>
        <price>70000</price>
		<dailyUpkeep>70</dailyUpkeep>
        <xmlFilename>scripts/lizard58.xml</xmlFilename>
        <rotation>0</rotation>
        <machineType>harvesters</machineType>
	    <brand>$l10n_shopItemBrand_lizard</brand>
    </storeItem>
    
    
    
    <storeItem>  
        <name>$l10n_shopItemName_lizard7210</name>
        <description>$l10n_shopItemDescription_lizard7210</description>
        <specs>$l10n_shopItemSpecs_lizard7210</specs>
        <image active="store/store_lizard7210.png" brand="$data/vehicles/brand_lizard.png"/>
        <price>65000</price>
		<dailyUpkeep>65</dailyUpkeep>
        <xmlFilename>scripts/lizard7210.xml</xmlFilename>
        <rotation>0</rotation>
        <machineType>harvesters</machineType>
		<brand>$l10n_shopItemBrand_lizard</brand>
    </storeItem>


    
    
    <storeItem>  
        <name>$l10n_shopItemName_lizard58Cutter</name>
        <description>$l10n_shopItemDescription_lizard58Cutter</description>
        <specs>$l10n_shopItemSpecs_lizard58Cutter</specs>
        <image active="store/store_lizard58Cutter.png" brand="$data/vehicles/brand_lizard.png"/>
        <price>13000</price>
		<dailyUpkeep>13</dailyUpkeep>
        <xmlFilename>scripts/lizard58Cutter.xml</xmlFilename>
        <rotation>180</rotation>
        <machineType>harvesters</machineType>
		<brand>$l10n_shopItemBrand_lizard</brand>
    </storeItem>
    
    
    
    <storeItem>  
        <name>$l10n_shopItemName_lizardcutter7210</name>
        <description>$l10n_shopItemDescription_lizardcutter7210</description>
        <specs>$l10n_shopItemSpecs_lizardcutter7210</specs>
        <image active="store/store_lizardcutter7210.png" brand="$data/vehicles/brand_lizard.png"/>
        <price>11000</price>
		<dailyUpkeep>11</dailyUpkeep>
        <xmlFilename>scripts/lizardcutter7210.xml</xmlFilename>
        <rotation>180</rotation>
        <machineType>harvesters</machineType>
		<brand>$l10n_shopItemBrand_lizard</brand>
    </storeItem>
    
    
    
<storeItem>
        <name>Kleiner Kipper</name>
        <description>Dies ist der kleinste der zur Verfügung stehenden Kipper. Ein ideales Einstiegsmodell, das auch kompakte Traktoren nicht überfordert.</description>
        <specs>Ladevolumen: 12700 l</specs>
        <image active="store/store_smallTipper.png" brand="$data/vehicles/brand_lizard.png"/>
        <price>10000</price>
		<dailyUpkeep>10</dailyUpkeep>
        <xmlFilename>scripts/smallTipper.xml</xmlFilename>
        <rotation>0</rotation>
        <machineType>tippers</machineType>
		<brand>$l10n_shopItemBrand_lizard</brand>
    </storeItem>
    
    
    
    <storeItem>     
        <name>Mittelgrosser Kipper</name>
        <description>Beachten Sie, dass mit der Füllmenge auch das Gewicht steigt. Kleinere Traktoren könnten bei diesem Modell bereits an ihre Grenzen stossen.</description>
        <specs>Ladevolumen: 21300 l</specs>
        <image active="store/store_mediumtipper.png" brand="$data/vehicles/brand_lizard.png"/>
        <price>31000</price>
		<dailyUpkeep>31</dailyUpkeep>
        <xmlFilename>scripts/mediumTipper.xml</xmlFilename>
        <rotation>0</rotation>
        <machineType>tippers</machineType>
		<brand>$l10n_shopItemBrand_lizard</brand>
    </storeItem>
    
    
    
    <storeItem> 
        <name>Grosser Kipper</name>
        <description>Das Fassungsvermögen dieses Kippers erspart Ihnen sicherlich eine Menge Zeit beim Transport der Ernte, vorausgesetzt Sie besitzen einen entsprechend leistungsstarken Traktor.</description>
        <specs>Ladevolumen: 30100 l</specs>
        <image active="store/store_bigtipper.png" brand="$data/vehicles/brand_lizard.png"/>
        <price>57000</price>
		<dailyUpkeep>57</dailyUpkeep>
        <xmlFilename>scripts/bigTipper.xml</xmlFilename>
        <rotation>0</rotation>
        <machineType>tippers</machineType>
		<brand>$l10n_shopItemBrand_lizard</brand>
    </storeItem>



    <storeItem> 
        <name>$l10n_shopItemName_euroboss330t</name>
        <description>$l10n_shopItemDescription_euroboss330t</description>
        <specs>$l10n_shopItemSpecs_euroboss330t</specs>
        <image active="store/store_euroboss330t.png" brand="$data/vehicles/brand_poettinger.png"/>
        <price>60000</price>
		<dailyUpkeep>60</dailyUpkeep>
        <xmlFilename>scripts/euroboss330t.xml</xmlFilename>
        <rotation>0</rotation>
        <machineType>tippers</machineType>
		<brand>$l10n_shopItemBrand_poettinger</brand>
    </storeItem>
  
  
  

    <storeItem>
        <name>Lizard 039-D Pflug</name>
        <description>Dieser kleine Pflug gehört zu Ihrem Startequipment und hat schon einige Jahre auf dem Buckel.</description>
        <specs></specs>
        <image active="store/store_lizard039d.png" brand="$data/vehicles/brand_lizard.png"/>
        <price>9500</price>
		<dailyUpkeep>9</dailyUpkeep>
        <xmlFilename>scripts/plough01.xml</xmlFilename>
        <rotation>0</rotation>
        <machineType>plows</machineType>
		<brand>$l10n_shopItemBrand_lizard</brand>
    </storeItem>



    <storeItem>  
        <name>Pöttinger SERVO 25 Pflug</name>
        <description>Dieser dreischarige Pflug ist ein gutes Einstiegsmodell für kleinere und mittlere Betriebe.</description>
        <specs></specs>
        <image active="store/store_servo25.png" brand="$data/vehicles/brand_poettinger.png"/>
        <price>24000</price>
		<dailyUpkeep>24</dailyUpkeep>
        <xmlFilename>scripts/servo25.xml</xmlFilename>
        <rotation>0</rotation>
        <machineType>plows</machineType>
		<brand>$l10n_shopItemBrand_poettinger</brand>
    </storeItem>
    
    
    
    <storeItem>
        <name>Pöttinger SERVO 35 S Pflug</name>
        <description>Mit seinen sechs Scharen ist dieser Pflug für den harten Dauereinsatz gerüstet. Jedoch sollten Sie mindestens das 900kg Frontgewicht dazu erwerben.</description>
        <specs></specs>
        <image active="store/store_servo35s.png" brand="$data/vehicles/brand_poettinger.png"/>
        <price>32000</price>
		<dailyUpkeep>32</dailyUpkeep>
        <xmlFilename>scripts/servo35s.xml</xmlFilename>
        <rotation>0</rotation>
        <machineType>plows</machineType>
		<brand>$l10n_shopItemBrand_poettinger</brand>
    </storeItem>
    
    
    
    <storeItem> 
        <name>Lizard SWG-216 A Sämaschine</name>
        <description>Diese Sämaschine fällt bald einmal von selbst auseinander. Sie sollten möglichst vorher auf ein besseres Modell umsteigen.</description>
        <specs>Arbeitsbreite: 2,5 m</specs>
        <image active="store/store_lizardswg216a.png" brand="$data/vehicles/brand_lizard.png"/>
        <price>16000</price>
		<dailyUpkeep>16</dailyUpkeep>
        <xmlFilename>scripts/sowingMachine01.xml</xmlFilename>
        <rotation>0</rotation>
        <machineType>sowingMachines</machineType>
		<brand>$l10n_shopItemBrand_lizard</brand>
    </storeItem>
    
    
    
    <storeItem>
        <name>Pöttinger AEROSEM 3000 Sämaschine</name>
        <description>Dieses Modell ermöglicht effizientes und wirtschaftliches Säen.</description>
        <specs>Arbeitsbreite: 3 m</specs>
        <image active="store/store_aerosem3000.png" brand="$data/vehicles/brand_poettinger.png"/>
        <price>42000</price>
		<dailyUpkeep>42</dailyUpkeep>
        <xmlFilename>scripts/aerosem3000.xml</xmlFilename>
        <rotation>0</rotation>
        <machineType>sowingMachines</machineType>
		<brand>$l10n_shopItemBrand_poettinger</brand>
    </storeItem>
    
    
    
    <storeItem>
        <name>Pöttinger VITASEM A 301 Sämaschine</name>
        <description>Mit dieser Sämaschinen wird die Saat besonders exakt und gleichmässig dosiert.</description>
        <specs>Arbeitsbreite: 3 m</specs>
        <image active="store/store_vitasema301.png" brand="$data/vehicles/brand_poettinger.png"/>
        <price>46000</price>
		<dailyUpkeep>46</dailyUpkeep>
        <xmlFilename>scripts/vitasemA301.xml</xmlFilename>
        <rotation>0</rotation>
        <machineType>sowingMachines</machineType>
		<brand>$l10n_shopItemBrand_poettinger</brand>
    </storeItem>
    
    
    
    <storeItem> 
        <name>Monsoon TRITON 200 Spritze</name>
        <description>Regelmässiges Düngen erhöht den Ertrag Ihrer Felder erheblich. Dieses Einstiegsmodell ist ideal für den angehenden Landwirten. Vergessen Sie nicht, die Spritze nach dem Kauf bei Ihrem Hof aufzufüllen.</description>
        <specs>Arbeitsbreite: 6 m</specs>
        <image active="store/store_triton200.png" brand="textures/brand_monsoon.png"/>
        <price>6600</price>
		<dailyUpkeep>6</dailyUpkeep>
        <xmlFilename>scripts/triton200.xml</xmlFilename>
        <rotation>0</rotation>
        <machineType>sprayers</machineType>
		<brand>Monsoon</brand>
    </storeItem>
    
    
    
    <storeItem> 
        <name>Monsoon TRITON 500 Spritze</name>
        <description>Die Spritze für den anspruchsvollen Bauern: Mit der grossen Arbeitsbreite haben Sie Ihre Felder im Nu gedüngt. Auch diese Spritze müssen Sie zuerst beim Hof auffüllen.</description>
        <specs>Arbeitsbreite: 15 m</specs>
        <image active="store/store_triton500.png" brand="textures/brand_monsoon.png"/>
        <price>12000</price>
		<dailyUpkeep>12</dailyUpkeep>
        <xmlFilename>scripts/triton500.xml</xmlFilename>
        <rotation>0</rotation>
        <machineType>sprayers</machineType>
		<brand>Monsoon</brand>
    </storeItem>
    
    
    
    <storeItem>
        <name>Lizard 121 ZX Grubber</name>
        <description>Dieser Grubber ist Teil Ihres Ausgangsmaterials. Er hat schon etwas Rost angesetzt und sollte früher oder später durch ein neues Modell ersetzt werden.</description>
        <specs>Arbeitsbreite: 2,5 m</specs>
        <image active="store/store_lizard121zx.png" brand="$data/vehicles/brand_lizard.png"/>
        <price>6000</price>
		<dailyUpkeep>6</dailyUpkeep>
        <xmlFilename>scripts/cultivator01.xml</xmlFilename>
        <rotation>0</rotation>
        <machineType>cultivators</machineType>
		<brand>$l10n_shopItemBrand_lizard</brand>
    </storeItem>
    
    
    
    <storeItem>
        <name>Pöttinger SYNKRO 2600 Grubber</name>
        <description>Das Werkzeug für eine effiziente Bodenbearbeitung.</description>
        <specs>Arbeitsbreite: 2,6 m</specs>
        <image active="store/store_synkro2600.png" brand="$data/vehicles/brand_poettinger.png"/>
        <price>21000</price>
		<dailyUpkeep>21</dailyUpkeep>
        <xmlFilename>scripts/synkro2600.xml</xmlFilename>
        <rotation>0</rotation>
        <machineType>cultivators</machineType>
		<brand>$l10n_shopItemBrand_poettinger</brand>
    </storeItem>
    
    
    
    <storeItem> 
        <name>Pöttinger SYNKRO 4003 K Grubber</name>
        <description>Damit können Sie Ihre Felder jetzt noch schneller kultivieren. Jedoch sollten Sie mindestens das 900kg Frontgewicht dazu erwerben.</description>
        <specs>Arbeitsbreite: 4 m</specs>
        <image active="store/store_synkro4003k.png" brand="$data/vehicles/brand_poettinger.png"/>
        <price>27000</price>
		<dailyUpkeep>27</dailyUpkeep>
        <xmlFilename>scripts/synkro4003k.xml</xmlFilename>
        <rotation>0</rotation>
        <machineType>cultivators</machineType>
		<brand>$l10n_shopItemBrand_poettinger</brand>
    </storeItem>
    
    
    
    <storeItem> 
        <name>$l10n_shopItemName_manureSpreader</name>
        <description>$l10n_shopItemDescription_manureSpreader</description>
        <specs>$l10n_shopItemSpecs_manureSpreader</specs>
        <image active="store/store_manureSpreader.png" brand="$data/vehicles/brand_lizard.png"/>
        <price>75000</price>
		<dailyUpkeep>75</dailyUpkeep>
        <xmlFilename>scripts/manureSpreader.xml</xmlFilename>
        <rotation>0</rotation>
        <machineType>manureSpreaders</machineType>
		<brand>$l10n_shopItemBrand_lizard</brand>
    </storeItem>
    
    
    
    <storeItem> 
        <name>$l10n_shopItemName_smallManureBarrel</name>
        <description>$l10n_shopItemDescription_smallManureBarrel</description>
        <specs>$l10n_shopItemSpecs_smallManureBarrel</specs>
        <image active="store/store_smallManureBarrel.png" brand="$data/vehicles/brand_lizard.png"/>
        <price>86000</price>
		<dailyUpkeep>86</dailyUpkeep>
        <xmlFilename>scripts/smallManureBarrel.xml</xmlFilename>
        <rotation>0</rotation>
        <machineType>slurryTanks</machineType>
		<brand>$l10n_shopItemBrand_lizard</brand>
    </storeItem>
    
    
    
<storeItem>
        <name>$l10n_shopItemName_baleTrailer01</name>
        <description>$l10n_shopItemDescription_baleTrailer01</description>
        <specs>$l10n_shopItemSpecs_baleTrailer01</specs>
        <image active="store/store_baletrailer01.png" brand="$data/vehicles/brand_lizard.png"/>
        <price>3600</price>
		<dailyUpkeep>3</dailyUpkeep>
        <xmlFilename>scripts/baleTrailer01.xml</xmlFilename>
        <rotation>0</rotation>
        <machineType>baling</machineType>
		<brand>$l10n_shopItemBrand_lizard</brand>
    </storeItem>
    
    
    
    <storeItem> 
        <name>$l10n_shopItemName_baleTrailer01</name>
        <description>Dies ist die etwas längere Variante des Ballenanhängers.</description>
        <specs>Länge: 10 m</specs>
        <image active="store/store_baletrailer02.png" brand="$data/vehicles/brand_lizard.png"/>
        <price>4800</price>
		<dailyUpkeep>4</dailyUpkeep>
        <xmlFilename>scripts/baleTrailer02.xml</xmlFilename>
        <rotation>0</rotation>
        <machineType>baling</machineType>
		<brand>$l10n_shopItemBrand_lizard</brand>
    </storeItem>

    
    
    
    <storeItem> 
        <name>$l10n_shopItemName_novacat306f</name>
        <description>$l10n_shopItemDescription_novacat306f</description>
        <specs>$l10n_shopItemSpecs_novacat306f</specs>
        <image active="store/store_novacat306f.png" brand="$data/vehicles/brand_poettinger.png"/>
        <price>16000</price>
		<dailyUpkeep>16</dailyUpkeep>
        <xmlFilename>scripts/novacat306f.xml</xmlFilename>
        <rotation>180</rotation>
        <machineType>mowers</machineType>
		<brand>$l10n_shopItemBrand_poettinger</brand>
    </storeItem>
    
    
    
    <storeItem>  
        <name>$l10n_shopItemName_novadisc900</name>
        <description>$l10n_shopItemDescription_novadisc900</description>
        <specs>$l10n_shopItemSpecs_novadisc900</specs>
        <image active="store/store_novadisc900.png" brand="$data/vehicles/brand_poettinger.png"/>
        <price>28000</price>
		<dailyUpkeep>28</dailyUpkeep>
        <xmlFilename>scripts/novadisc900.xml</xmlFilename>
        <rotation>180</rotation>
        <machineType>mowers</machineType>
		<brand>$l10n_shopItemBrand_poettinger</brand>
    </storeItem>
	
	
	
  
    <storeItem>
        <name>Pöttinger EUROTOP 461 A Schwadkreisel</name>
        <description>Mit dem Schwadkreisel rechen Sie das Heu zu Schwaden zusammen, die Sie anschließend mit dem Ladewagen oder der Ballenpresse aufnehmen können.</description>
        <specs>$l10n_shopItemSpecs_eurotop461a</specs>
        <image active="store/store_eurotop461a.png" brand="$data/vehicles/brand_poettinger.png"/>
        <price>18000</price>
		<dailyUpkeep>18</dailyUpkeep>
        <xmlFilename>scripts/eurotop461a.xml</xmlFilename>
        <rotation>0</rotation>
        <machineType>windrowers</machineType>
		<brand>$l10n_shopItemBrand_poettinger</brand>
    </storeItem>

    
    
    

    <storeItem>
        <name>Selbstfahrspritze</name>
        <description>$l10n_shopItemDescription_selfPropelledSprayer</description>
        <specs>$l10n_shopItemSpecs_selfPropelledSprayer</specs>
        <image active="store/store_selfPropelledSprayer.png" brand="$data/vehicles/brand_lizard.png"/>
        <price>125000</price>
		<dailyUpkeep>125</dailyUpkeep>
        <xmlFilename>scripts/selfPropelledSprayer.xml</xmlFilename>
        <rotation>0</rotation>
        <machineType>sprayers</machineType>
		<brand>$l10n_shopItemBrand_lizard</brand>
    </storeItem>
    
    
    
    <storeItem>
        <name>Ballen Sammelwagen</name>
        <description>Mit diesem Ballen Sammelwagen ist es ein leichtes, Ihre Quaderballen schnell und einfach vom Feld auf Ihren Hof zu befördern.</description>
        <specs>Ladekapazität: 24 Ballen</specs>
        <image active="store/store_baleLoader.png" brand="$data/vehicles/brand_lizard.png"/>
        <price>110000</price>
		<dailyUpkeep>110</dailyUpkeep>
        <xmlFilename>scripts/baleLoader.xml</xmlFilename>
        <rotation>0</rotation>
        <machineType>baling</machineType>
		<brand>$l10n_shopItemBrand_lizard</brand>
    </storeItem>          
    
    
    
    </storeItems>
</modDesc>
